;遥控表,,,,,,,,,,,,,,,,,,,,,
;所属厂站,所属通道,所属RTU,编号,名称,描述,on操作地址,备on操作地址,所属间隔,所属设备,点类型,对应点类型,对应点,off操作地址,备off操作地址,每天最多允许次数,操作间隔限制,属性,闭锁属性,on允许计算点,off允许计算点,对应连锁点编号
1,1,1,1,RTU001_YK00001,1#高后备_遥控,C01H,0H,0,0,0,0,0,C01H,0H,0,0,0,0,0,0,0
1,1,1,2,RTU001_YK00002,1#高后备_复归,1000H,0H,0,0,3,0,0,1000H,0H,0,0,0,0,0,0,0
1,1,1,3,RTU001_YK00003,1#高后备_电流速断保护投退,E01H,0H,0,0,0,0,0,E01H,0H,0,0,0,0,0,0,0
1,1,1,4,RTU001_YK00004,1#高后备_限时电流速断保护投退,E02H,0H,0,0,0,0,0,E02H,0H,0,0,0,0,0,0,0
1,1,1,5,RTU001_YK00005,1#高后备_定时限过电流投退,E03H,0H,0,0,0,0,0,E03H,0H,0,0,0,0,0,0,0
1,1,1,6,RTU001_YK00006,1#高后备_电流速断复压闭锁投退,E04H,0H,0,0,0,0,0,E04H,0H,0,0,0,0,0,0,0
1,1,1,7,RTU001_YK00007,1#高后备_限时电流速断复压闭锁投退,E05H,0H,0,0,0,0,0,E05H,0H,0,0,0,0,0,0,0
1,1,1,8,RTU001_YK00008,1#高后备_定时限过电流复压闭锁投退,E06H,0H,0,0,0,0,0,E06H,0H,0,0,0,0,0,0,0
1,1,1,9,RTU001_YK00009,1#高后备_反时限过电流投退,E07H,0H,0,0,0,0,0,E07H,0H,0,0,0,0,0,0,0
1,1,1,10,RTU001_YK00010,1#高后备_负序定时限过流投退,E08H,0H,0,0,0,0,0,E08H,0H,0,0,0,0,0,0,0
1,1,1,11,RTU001_YK00011,1#高后备_负序反时限过流投退,E09H,0H,0,0,0,0,0,E09H,0H,0,0,0,0,0,0,0
1,1,1,12,RTU001_YK00012,1#高后备_过负荷告警投退,E0AH,0H,0,0,0,0,0,E0AH,0H,0,0,0,0,0,0,0
1,1,1,13,RTU001_YK00013,1#高后备_过负荷跳闸投退,E0BH,0H,0,0,0,0,0,E0BH,0H,0,0,0,0,0,0,0
1,1,1,14,RTU001_YK00014,1#高后备_零序过压告警投退,E0CH,0H,0,0,0,0,0,E0CH,0H,0,0,0,0,0,0,0
1,1,1,15,RTU001_YK00015,1#高后备_零序过压跳闸投退,E0DH,0H,0,0,0,0,0,E0DH,0H,0,0,0,0,0,0,0
1,1,1,16,RTU001_YK00016,1#高后备_零序过流I段投退,E0EH,0H,0,0,0,0,0,E0EH,0H,0,0,0,0,0,0,0
1,1,1,17,RTU001_YK00017,1#高后备_零序过流Ⅱ段投退,E0FH,0H,0,0,0,0,0,E0FH,0H,0,0,0,0,0,0,0
1,1,1,18,RTU001_YK00018,1#高后备_零序过流Ⅲ段告警投退,E10H,0H,0,0,0,0,0,E10H,0H,0,0,0,0,0,0,0
1,1,1,19,RTU001_YK00019,1#高后备_零序过流Ⅲ段跳闸投退,E11H,0H,0,0,0,0,0,E11H,0H,0,0,0,0,0,0,0
1,1,1,20,RTU001_YK00020,1#高后备_低压零序过流定时限投退,E12H,0H,0,0,0,0,0,E12H,0H,0,0,0,0,0,0,0
1,1,1,21,RTU001_YK00021,1#高后备_低压零序过流反时限投退,E13H,0H,0,0,0,0,0,E13H,0H,0,0,0,0,0,0,0
1,1,1,22,RTU001_YK00022,1#高后备_低电压保护投退,E14H,0H,0,0,0,0,0,E14H,0H,0,0,0,0,0,0,0
1,1,1,23,RTU001_YK00023,1#高后备_过电压保护投退,E15H,0H,0,0,0,0,0,E15H,0H,0,0,0,0,0,0,0
1,1,1,24,RTU001_YK00024,1#高后备_重瓦斯跳闸投退,E16H,0H,0,0,0,0,0,E16H,0H,0,0,0,0,0,0,0
1,1,1,25,RTU001_YK00025,1#高后备_轻瓦斯告警投退,E17H,0H,0,0,0,0,0,E17H,0H,0,0,0,0,0,0,0
1,1,1,26,RTU001_YK00026,1#高后备_超温跳闸投退,E18H,0H,0,0,0,0,0,E18H,0H,0,0,0,0,0,0,0
1,1,1,27,RTU001_YK00027,1#高后备_温度告警投退,E19H,0H,0,0,0,0,0,E19H,0H,0,0,0,0,0,0,0
1,1,1,28,RTU001_YK00028,1#高后备_压力释放投退,E1AH,0H,0,0,0,0,0,E1AH,0H,0,0,0,0,0,0,0
1,1,1,29,RTU001_YK00029,1#高后备_非电量保护投退,E1BH,0H,0,0,0,0,0,E1BH,0H,0,0,0,0,0,0,0
1,1,1,30,RTU001_YK00030,1#高后备_PT断线投退,E1CH,0H,0,0,0,0,0,E1CH,0H,0,0,0,0,0,0,0
1,1,1,31,RTU001_YK00031,1#高后备_PT断线闭锁投退,E1DH,0H,0,0,0,0,0,E1DH,0H,0,0,0,0,0,0,0
1,1,1,32,RTU001_YK00032,1#高后备_控制回路断线告警投退,E1EH,0H,0,0,0,0,0,E1EH,0H,0,0,0,0,0,0,0
1,1,1,33,RTU001_YK00033,1#高后备_备用投退,E1FH,0H,0,0,0,0,0,E1FH,0H,0,0,0,0,0,0,0
1,1,1,34,RTU001_YK00034,1#高后备_备用投退,E20H,0H,0,0,0,0,0,E20H,0H,0,0,0,0,0,0,0
1,1,2,35,RTU002_YK00035,1#低后备_遥控,C01H,0H,0,0,0,0,0,C01H,0H,0,0,0,0,0,0,0
1,1,2,36,RTU002_YK00036,1#低后备_复归,1000H,0H,0,0,3,0,0,1000H,0H,0,0,0,0,0,0,0
1,1,2,37,RTU002_YK00037,1#低后备_电流速断保护投退,E01H,0H,0,0,0,0,0,E01H,0H,0,0,0,0,0,0,0
1,1,2,38,RTU002_YK00038,1#低后备_限时电流速断保护投退,E02H,0H,0,0,0,0,0,E02H,0H,0,0,0,0,0,0,0
1,1,2,39,RTU002_YK00039,1#低后备_定时限过电流投退,E03H,0H,0,0,0,0,0,E03H,0H,0,0,0,0,0,0,0
1,1,2,40,RTU002_YK00040,1#低后备_电流速断复压闭锁投退,E04H,0H,0,0,0,0,0,E04H,0H,0,0,0,0,0,0,0
1,1,2,41,RTU002_YK00041,1#低后备_限时电流速断复压闭锁投退,E05H,0H,0,0,0,0,0,E05H,0H,0,0,0,0,0,0,0
1,1,2,42,RTU002_YK00042,1#低后备_定时限过电流复压闭锁投退,E06H,0H,0,0,0,0,0,E06H,0H,0,0,0,0,0,0,0
1,1,2,43,RTU002_YK00043,1#低后备_反时限过电流投退,E07H,0H,0,0,0,0,0,E07H,0H,0,0,0,0,0,0,0
1,1,2,44,RTU002_YK00044,1#低后备_负序定时限过流投退,E08H,0H,0,0,0,0,0,E08H,0H,0,0,0,0,0,0,0
1,1,2,45,RTU002_YK00045,1#低后备_负序反时限过流投退,E09H,0H,0,0,0,0,0,E09H,0H,0,0,0,0,0,0,0
1,1,2,46,RTU002_YK00046,1#低后备_过负荷告警投退,E0AH,0H,0,0,0,0,0,E0AH,0H,0,0,0,0,0,0,0
1,1,2,47,RTU002_YK00047,1#低后备_过负荷跳闸投退,E0BH,0H,0,0,0,0,0,E0BH,0H,0,0,0,0,0,0,0
1,1,2,48,RTU002_YK00048,1#低后备_零序过压告警投退,E0CH,0H,0,0,0,0,0,E0CH,0H,0,0,0,0,0,0,0
1,1,2,49,RTU002_YK00049,1#低后备_零序过压跳闸投退,E0DH,0H,0,0,0,0,0,E0DH,0H,0,0,0,0,0,0,0
1,1,2,50,RTU002_YK00050,1#低后备_零序过流I段投退,E0EH,0H,0,0,0,0,0,E0EH,0H,0,0,0,0,0,0,0
1,1,2,51,RTU002_YK00051,1#低后备_零序过流Ⅱ段投退,E0FH,0H,0,0,0,0,0,E0FH,0H,0,0,0,0,0,0,0
1,1,2,52,RTU002_YK00052,1#低后备_零序过流Ⅲ段告警投退,E10H,0H,0,0,0,0,0,E10H,0H,0,0,0,0,0,0,0
1,1,2,53,RTU002_YK00053,1#低后备_零序过流Ⅲ段跳闸投退,E11H,0H,0,0,0,0,0,E11H,0H,0,0,0,0,0,0,0
1,1,2,54,RTU002_YK00054,1#低后备_低压零序过流定时限投退,E12H,0H,0,0,0,0,0,E12H,0H,0,0,0,0,0,0,0
1,1,2,55,RTU002_YK00055,1#低后备_低压零序过流反时限投退,E13H,0H,0,0,0,0,0,E13H,0H,0,0,0,0,0,0,0
1,1,2,56,RTU002_YK00056,1#低后备_低电压保护投退,E14H,0H,0,0,0,0,0,E14H,0H,0,0,0,0,0,0,0
1,1,2,57,RTU002_YK00057,1#低后备_过电压保护投退,E15H,0H,0,0,0,0,0,E15H,0H,0,0,0,0,0,0,0
1,1,2,58,RTU002_YK00058,1#低后备_重瓦斯跳闸投退,E16H,0H,0,0,0,0,0,E16H,0H,0,0,0,0,0,0,0
1,1,2,59,RTU002_YK00059,1#低后备_轻瓦斯告警投退,E17H,0H,0,0,0,0,0,E17H,0H,0,0,0,0,0,0,0
1,1,2,60,RTU002_YK00060,1#低后备_超温跳闸投退,E18H,0H,0,0,0,0,0,E18H,0H,0,0,0,0,0,0,0
1,1,2,61,RTU002_YK00061,1#低后备_温度告警投退,E19H,0H,0,0,0,0,0,E19H,0H,0,0,0,0,0,0,0
1,1,2,62,RTU002_YK00062,1#低后备_压力释放投退,E1AH,0H,0,0,0,0,0,E1AH,0H,0,0,0,0,0,0,0
1,1,2,63,RTU002_YK00063,1#低后备_非电量保护投退,E1BH,0H,0,0,0,0,0,E1BH,0H,0,0,0,0,0,0,0
1,1,2,64,RTU002_YK00064,1#低后备_PT断线投退,E1CH,0H,0,0,0,0,0,E1CH,0H,0,0,0,0,0,0,0
1,1,2,65,RTU002_YK00065,1#低后备_PT断线闭锁投退,E1DH,0H,0,0,0,0,0,E1DH,0H,0,0,0,0,0,0,0
1,1,2,66,RTU002_YK00066,1#低后备_控制回路断线告警投退,E1EH,0H,0,0,0,0,0,E1EH,0H,0,0,0,0,0,0,0
1,1,2,67,RTU002_YK00067,1#低后备_备用投退,E1FH,0H,0,0,0,0,0,E1FH,0H,0,0,0,0,0,0,0
1,1,2,68,RTU002_YK00068,1#低后备_备用投退,E20H,0H,0,0,0,0,0,E20H,0H,0,0,0,0,0,0,0
1,1,3,69,RTU003_YK00069,1#差动保护_遥控,C01H,0H,0,0,0,0,0,C01H,0H,0,0,0,0,0,0,0
1,1,3,70,RTU003_YK00070,1#差动保护_复归,1000H,0H,0,0,3,0,0,1000H,0H,0,0,0,0,0,0,0
1,1,3,71,RTU003_YK00071,1#差动保护_电流速断保护投退,E01H,0H,0,0,0,0,0,E01H,0H,0,0,0,0,0,0,0
1,1,3,72,RTU003_YK00072,1#差动保护_限时电流速断保护投退,E02H,0H,0,0,0,0,0,E02H,0H,0,0,0,0,0,0,0
1,1,3,73,RTU003_YK00073,1#差动保护_定时限过电流投退,E03H,0H,0,0,0,0,0,E03H,0H,0,0,0,0,0,0,0
1,1,3,74,RTU003_YK00074,1#差动保护_电流速断复压闭锁投退,E04H,0H,0,0,0,0,0,E04H,0H,0,0,0,0,0,0,0
1,1,3,75,RTU003_YK00075,1#差动保护_限时电流速断复压闭锁投退,E05H,0H,0,0,0,0,0,E05H,0H,0,0,0,0,0,0,0
1,1,3,76,RTU003_YK00076,1#差动保护_定时限过电流复压闭锁投退,E06H,0H,0,0,0,0,0,E06H,0H,0,0,0,0,0,0,0
1,1,3,77,RTU003_YK00077,1#差动保护_反时限过电流投退,E07H,0H,0,0,0,0,0,E07H,0H,0,0,0,0,0,0,0
1,1,3,78,RTU003_YK00078,1#差动保护_负序定时限过流投退,E08H,0H,0,0,0,0,0,E08H,0H,0,0,0,0,0,0,0
1,1,3,79,RTU003_YK00079,1#差动保护_负序反时限过流投退,E09H,0H,0,0,0,0,0,E09H,0H,0,0,0,0,0,0,0
1,1,3,80,RTU003_YK00080,1#差动保护_过负荷告警投退,E0AH,0H,0,0,0,0,0,E0AH,0H,0,0,0,0,0,0,0
1,1,3,81,RTU003_YK00081,1#差动保护_过负荷跳闸投退,E0BH,0H,0,0,0,0,0,E0BH,0H,0,0,0,0,0,0,0
1,1,3,82,RTU003_YK00082,1#差动保护_零序过流I段投退,E0CH,0H,0,0,0,0,0,E0CH,0H,0,0,0,0,0,0,0
1,1,3,83,RTU003_YK00083,1#差动保护_零序过流Ⅱ段投退,E0DH,0H,0,0,0,0,0,E0DH,0H,0,0,0,0,0,0,0
1,1,3,84,RTU003_YK00084,1#差动保护_零序过流Ⅲ段告警投退,E0EH,0H,0,0,0,0,0,E0EH,0H,0,0,0,0,0,0,0
1,1,3,85,RTU003_YK00085,1#差动保护_零序过流Ⅲ段跳闸投退,E0FH,0H,0,0,0,0,0,E0FH,0H,0,0,0,0,0,0,0
1,1,3,86,RTU003_YK00086,1#差动保护_低压零序过流定时限投退,E10H,0H,0,0,0,0,0,E10H,0H,0,0,0,0,0,0,0
1,1,3,87,RTU003_YK00087,1#差动保护_低压零序过流反时限投退,E11H,0H,0,0,0,0,0,E11H,0H,0,0,0,0,0,0,0
1,1,3,88,RTU003_YK00088,1#差动保护_低电压保护投退,E12H,0H,0,0,0,0,0,E12H,0H,0,0,0,0,0,0,0
1,1,3,89,RTU003_YK00089,1#差动保护_过电压保护投退,E13H,0H,0,0,0,0,0,E13H,0H,0,0,0,0,0,0,0
1,1,3,90,RTU003_YK00090,1#差动保护_重瓦斯跳闸投退,E14H,0H,0,0,0,0,0,E14H,0H,0,0,0,0,0,0,0
1,1,3,91,RTU003_YK00091,1#差动保护_轻瓦斯告警投退,E15H,0H,0,0,0,0,0,E15H,0H,0,0,0,0,0,0,0
1,1,3,92,RTU003_YK00092,1#差动保护_超温跳闸投退,E16H,0H,0,0,0,0,0,E16H,0H,0,0,0,0,0,0,0
1,1,3,93,RTU003_YK00093,1#差动保护_温度告警投退,E17H,0H,0,0,0,0,0,E17H,0H,0,0,0,0,0,0,0
1,1,3,94,RTU003_YK00094,1#差动保护_压力释放投退,E18H,0H,0,0,0,0,0,E18H,0H,0,0,0,0,0,0,0
1,1,3,95,RTU003_YK00095,1#差动保护_非电量保护投退,E19H,0H,0,0,0,0,0,E19H,0H,0,0,0,0,0,0,0
1,1,3,96,RTU003_YK00096,1#差动保护_控制回路断线告警投退,E1AH,0H,0,0,0,0,0,E1AH,0H,0,0,0,0,0,0,0
1,1,3,97,RTU003_YK00097,1#差动保护_PT断线投退,E1BH,0H,0,0,0,0,0,E1BH,0H,0,0,0,0,0,0,0
1,1,3,98,RTU003_YK00098,1#差动保护_PT断线闭锁投退,E1CH,0H,0,0,0,0,0,E1CH,0H,0,0,0,0,0,0,0
1,1,3,99,RTU003_YK00099,1#差动保护_CT断线投退,E1DH,0H,0,0,0,0,0,E1DH,0H,0,0,0,0,0,0,0
1,1,3,100,RTU003_YK00100,1#差动保护_CT断线闭锁投退,E1EH,0H,0,0,0,0,0,E1EH,0H,0,0,0,0,0,0,0
1,1,3,101,RTU003_YK00101,1#差动保护_复合电压投退,E1FH,0H,0,0,0,0,0,E1FH,0H,0,0,0,0,0,0,0
1,1,3,102,RTU003_YK00102,1#差动保护_低频减载投退,E20H,0H,0,0,0,0,0,E20H,0H,0,0,0,0,0,0,0
1,1,3,103,RTU003_YK00103,1#差动保护_滑差闭锁投退,E21H,0H,0,0,0,0,0,E21H,0H,0,0,0,0,0,0,0
1,1,3,104,RTU003_YK00104,1#差动保护_差动速断投退,E22H,0H,0,0,0,0,0,E22H,0H,0,0,0,0,0,0,0
1,1,3,105,RTU003_YK00105,1#差动保护_比率差动投退,E23H,0H,0,0,0,0,0,E23H,0H,0,0,0,0,0,0,0
1,1,3,106,RTU003_YK00106,1#差动保护_差流越限告警投退,E24H,0H,0,0,0,0,0,E24H,0H,0,0,0,0,0,0,0
1,1,4,107,RTU004_YK00107,1#电容器保护_遥控,C01H,0H,0,0,0,0,0,C01H,0H,0,0,0,0,0,0,0
1,1,4,108,RTU004_YK00108,1#电容器保护_复归,1000H,0H,0,0,3,0,0,1000H,0H,0,0,0,0,0,0,0
1,1,4,109,RTU004_YK00109,1#电容器保护_速断保护投退,E01H,0H,0,0,0,0,0,E01H,0H,0,0,0,0,0,0,0
1,1,4,110,RTU004_YK00110,1#电容器保护_过电流保护投退,E02H,0H,0,0,0,0,0,E02H,0H,0,0,0,0,0,0,0
1,1,4,111,RTU004_YK00111,1#电容器保护_零序过流告警投退,E03H,0H,0,0,0,0,0,E03H,0H,0,0,0,0,0,0,0
1,1,4,112,RTU004_YK00112,1#电容器保护_零序过流跳闸投退,E04H,0H,0,0,0,0,0,E04H,0H,0,0,0,0,0,0,0
1,1,4,113,RTU004_YK00113,1#电容器保护_过压告警投退,E05H,0H,0,0,0,0,0,E05H,0H,0,0,0,0,0,0,0
1,1,4,114,RTU004_YK00114,1#电容器保护_过压跳闸投退,E06H,0H,0,0,0,0,0,E06H,0H,0,0,0,0,0,0,0
1,1,4,115,RTU004_YK00115,1#电容器保护_失压跳闸投退,E07H,0H,0,0,0,0,0,E07H,0H,0,0,0,0,0,0,0
1,1,4,116,RTU004_YK00116,1#电容器保护_失压电流闭锁投退,E08H,0H,0,0,0,0,0,E08H,0H,0,0,0,0,0,0,0
1,1,4,117,RTU004_YK00117,1#电容器保护_重瓦斯跳闸投退,E09H,0H,0,0,0,0,0,E09H,0H,0,0,0,0,0,0,0
1,1,4,118,RTU004_YK00118,1#电容器保护_轻瓦斯告警投退,E0AH,0H,0,0,0,0,0,E0AH,0H,0,0,0,0,0,0,0
1,1,4,119,RTU004_YK00119,1#电容器保护_超温跳闸投退,E0BH,0H,0,0,0,0,0,E0BH,0H,0,0,0,0,0,0,0
1,1,4,120,RTU004_YK00120,1#电容器保护_温度告警投退,E0CH,0H,0,0,0,0,0,E0CH,0H,0,0,0,0,0,0,0
1,1,4,121,RTU004_YK00121,1#电容器保护_非电量保护投退,E0DH,0H,0,0,0,0,0,E0DH,0H,0,0,0,0,0,0,0
1,1,4,122,RTU004_YK00122,1#电容器保护_控制回路断线告警投退,E0EH,0H,0,0,0,0,0,E0EH,0H,0,0,0,0,0,0,0
1,1,4,123,RTU004_YK00123,1#电容器保护_PT断线告警投退,E0FH,0H,0,0,0,0,0,E0FH,0H,0,0,0,0,0,0,0
1,1,4,124,RTU004_YK00124,1#电容器保护_PT断线闭锁投退,E10H,0H,0,0,0,0,0,E10H,0H,0,0,0,0,0,0,0
1,1,4,125,RTU004_YK00125,1#电容器保护_不平衡电压跳闸投退,E11H,0H,0,0,0,0,0,E11H,0H,0,0,0,0,0,0,0
1,1,4,126,RTU004_YK00126,1#电容器保护_不平衡电流跳闸投退,E12H,0H,0,0,0,0,0,E12H,0H,0,0,0,0,0,0,0
1,1,5,127,RTU005_YK00127,1#PT柜保护_遥控,C01H,0H,0,0,0,0,0,C01H,0H,0,0,0,0,0,0,0
1,1,5,128,RTU005_YK00128,1#PT柜保护_复归,1000H,0H,0,0,3,0,0,1000H,0H,0,0,0,0,0,0,0
1,1,5,129,RTU005_YK00129,1#PT柜保护_Ⅰ段过电压告警投退,E01H,0H,0,0,0,0,0,E01H,0H,0,0,0,0,0,0,0
1,1,5,130,RTU005_YK00130,1#PT柜保护_Ⅰ段低电压告警投退,E02H,0H,0,0,0,0,0,E02H,0H,0,0,0,0,0,0,0
1,1,5,131,RTU005_YK00131,1#PT柜保护_Ⅱ段过电压告警投退,E03H,0H,0,0,0,0,0,E03H,0H,0,0,0,0,0,0,0
1,1,5,132,RTU005_YK00132,1#PT柜保护_Ⅱ段低电压告警投退,E04H,0H,0,0,0,0,0,E04H,0H,0,0,0,0,0,0,0
1,1,5,133,RTU005_YK00133,1#PT柜保护_Ⅰ段接地告警投退,E05H,0H,0,0,0,0,0,E05H,0H,0,0,0,0,0,0,0
1,1,5,134,RTU005_YK00134,1#PT柜保护_Ⅱ段接地告警投退,E06H,0H,0,0,0,0,0,E06H,0H,0,0,0,0,0,0,0
1,1,5,135,RTU005_YK00135,1#PT柜保护_Ⅰ段PT断线投退,E07H,0H,0,0,0,0,0,E07H,0H,0,0,0,0,0,0,0
1,1,5,136,RTU005_YK00136,1#PT柜保护_Ⅱ段PT断线投退,E08H,0H,0,0,0,0,0,E08H,0H,0,0,0,0,0,0,0
1,1,6,137,RTU006_YK00137,1#馈线保护1_遥控,C01H,0H,0,0,0,0,0,C01H,0H,0,0,0,0,0,0,0
1,1,6,138,RTU006_YK00138,1#馈线保护1_复归,1000H,0H,0,0,3,0,0,1000H,0H,0,0,0,0,0,0,0
1,1,6,139,RTU006_YK00139,1#馈线保护1_速断保护投退,E01H,0H,0,0,0,0,0,E01H,0H,0,0,0,0,0,0,0
1,1,6,140,RTU006_YK00140,1#馈线保护1_限时速断保护投退,E02H,0H,0,0,0,0,0,E02H,0H,0,0,0,0,0,0,0
1,1,6,141,RTU006_YK00141,1#馈线保护1_过电流保护投退,E03H,0H,0,0,0,0,0,E03H,0H,0,0,0,0,0,0,0
1,1,6,142,RTU006_YK00142,1#馈线保护1_速断方向投退,E04H,0H,0,0,0,0,0,E04H,0H,0,0,0,0,0,0,0
1,1,6,143,RTU006_YK00143,1#馈线保护1_限时速断方向投退,E05H,0H,0,0,0,0,0,E05H,0H,0,0,0,0,0,0,0
1,1,6,144,RTU006_YK00144,1#馈线保护1_过电流方向投退,E06H,0H,0,0,0,0,0,E06H,0H,0,0,0,0,0,0,0
1,1,6,145,RTU006_YK00145,1#馈线保护1_速断复压闭锁投退,E07H,0H,0,0,0,0,0,E07H,0H,0,0,0,0,0,0,0
1,1,6,146,RTU006_YK00146,1#馈线保护1_限时速断复压闭锁投退,E08H,0H,0,0,0,0,0,E08H,0H,0,0,0,0,0,0,0
1,1,6,147,RTU006_YK00147,1#馈线保护1_过电流复压闭锁投退,E09H,0H,0,0,0,0,0,E09H,0H,0,0,0,0,0,0,0
1,1,6,148,RTU006_YK00148,1#馈线保护1_反时限过流投退,E0AH,0H,0,0,0,0,0,E0AH,0H,0,0,0,0,0,0,0
1,1,6,149,RTU006_YK00149,1#馈线保护1_零序过流I段投退,E0BH,0H,0,0,0,0,0,E0BH,0H,0,0,0,0,0,0,0
1,1,6,150,RTU006_YK00150,1#馈线保护1_零序过流II段投退,E0CH,0H,0,0,0,0,0,E0CH,0H,0,0,0,0,0,0,0
1,1,6,151,RTU006_YK00151,1#馈线保护1_零序过流III段告警投退,E0DH,0H,0,0,0,0,0,E0DH,0H,0,0,0,0,0,0,0
1,1,6,152,RTU006_YK00152,1#馈线保护1_零序过流III段保护投退,E0EH,0H,0,0,0,0,0,E0EH,0H,0,0,0,0,0,0,0
1,1,6,153,RTU006_YK00153,1#馈线保护1_零序过流I段方向投退,E0FH,0H,0,0,0,0,0,E0FH,0H,0,0,0,0,0,0,0
1,1,6,154,RTU006_YK00154,1#馈线保护1_零序过流II段方向投退,E10H,0H,0,0,0,0,0,E10H,0H,0,0,0,0,0,0,0
1,1,6,155,RTU006_YK00155,1#馈线保护1_零序过流III段方向投退,E11H,0H,0,0,0,0,0,E11H,0H,0,0,0,0,0,0,0
1,1,6,156,RTU006_YK00156,1#馈线保护1_零序电压闭锁零序过流I段投退,E12H,0H,0,0,0,0,0,E12H,0H,0,0,0,0,0,0,0
1,1,6,157,RTU006_YK00157,1#馈线保护1_零序电压闭锁零序过流II段投退,E13H,0H,0,0,0,0,0,E13H,0H,0,0,0,0,0,0,0
1,1,6,158,RTU006_YK00158,1#馈线保护1_零序电压闭锁零序过流III段投退,E14H,0H,0,0,0,0,0,E14H,0H,0,0,0,0,0,0,0
1,1,6,159,RTU006_YK00159,1#馈线保护1_零序过压告警投退,E15H,0H,0,0,0,0,0,E15H,0H,0,0,0,0,0,0,0
1,1,6,160,RTU006_YK00160,1#馈线保护1_零序过压跳闸投退,E16H,0H,0,0,0,0,0,E16H,0H,0,0,0,0,0,0,0
1,1,6,161,RTU006_YK00161,1#馈线保护1_过负荷告警投退,E17H,0H,0,0,0,0,0,E17H,0H,0,0,0,0,0,0,0
1,1,6,162,RTU006_YK00162,1#馈线保护1_过负荷跳闸投退,E18H,0H,0,0,0,0,0,E18H,0H,0,0,0,0,0,0,0
1,1,6,163,RTU006_YK00163,1#馈线保护1_低电压投退,E19H,0H,0,0,0,0,0,E19H,0H,0,0,0,0,0,0,0
1,1,6,164,RTU006_YK00164,1#馈线保护1_低频投退,E1AH,0H,0,0,0,0,0,E1AH,0H,0,0,0,0,0,0,0
1,1,6,165,RTU006_YK00165,1#馈线保护1_滑差闭锁投退,E1BH,0H,0,0,0,0,0,E1BH,0H,0,0,0,0,0,0,0
1,1,6,166,RTU006_YK00166,1#馈线保护1_保护启动重合闸投退,E1CH,0H,0,0,0,0,0,E1CH,0H,0,0,0,0,0,0,0
1,1,6,167,RTU006_YK00167,1#馈线保护1_不对应启动重合闸投退,E1DH,0H,0,0,0,0,0,E1DH,0H,0,0,0,0,0,0,0
1,1,6,168,RTU006_YK00168,1#馈线保护1_检同期投退,E1EH,0H,0,0,0,0,0,E1EH,0H,0,0,0,0,0,0,0
1,1,6,169,RTU006_YK00169,1#馈线保护1_检无压投退,E1FH,0H,0,0,0,0,0,E1FH,0H,0,0,0,0,0,0,0
1,1,6,170,RTU006_YK00170,1#馈线保护1_过流后加速投退,E20H,0H,0,0,0,0,0,E20H,0H,0,0,0,0,0,0,0
1,1,6,171,RTU006_YK00171,1#馈线保护1_零序过流后加速投退,E21H,0H,0,0,0,0,0,E21H,0H,0,0,0,0,0,0,0
1,1,6,172,RTU006_YK00172,1#馈线保护1_PT断线告警投退,E22H,0H,0,0,0,0,0,E22H,0H,0,0,0,0,0,0,0
1,1,6,173,RTU006_YK00173,1#馈线保护1_PT断线闭锁投退,E23H,0H,0,0,0,0,0,E23H,0H,0,0,0,0,0,0,0
1,1,6,174,RTU006_YK00174,1#馈线保护1_非电量1投退,E24H,0H,0,0,0,0,0,E24H,0H,0,0,0,0,0,0,0
1,1,6,175,RTU006_YK00175,1#馈线保护1_母充保护,E25H,0H,0,0,0,0,0,E25H,0H,0,0,0,0,0,0,0
1,1,6,176,RTU006_YK00176,1#馈线保护1_手动同期投退,E26H,0H,0,0,0,0,0,E26H,0H,0,0,0,0,0,0,0
1,1,6,177,RTU006_YK00177,1#馈线保护1_遥控同期投退,E27H,0H,0,0,0,0,0,E27H,0H,0,0,0,0,0,0,0
1,1,6,178,RTU006_YK00178,1#馈线保护1_控制回路断线告警投退,E28H,0H,0,0,0,0,0,E28H,0H,0,0,0,0,0,0,0
1,1,6,179,RTU006_YK00179,1#馈线保护1_逆功率保护投退,E29H,0H,0,0,0,0,0,E29H,0H,0,0,0,0,0,0,0
1,1,7,180,RTU007_YK00180,1#馈线保护2_遥控,C01H,0H,0,0,0,0,0,C01H,0H,0,0,0,0,0,0,0
1,1,7,181,RTU007_YK00181,1#馈线保护2_复归,1000H,0H,0,0,3,0,0,1000H,0H,0,0,0,0,0,0,0
1,1,7,182,RTU007_YK00182,1#馈线保护2_速断保护投退,E01H,0H,0,0,0,0,0,E01H,0H,0,0,0,0,0,0,0
1,1,7,183,RTU007_YK00183,1#馈线保护2_限时速断保护投退,E02H,0H,0,0,0,0,0,E02H,0H,0,0,0,0,0,0,0
1,1,7,184,RTU007_YK00184,1#馈线保护2_过电流保护投退,E03H,0H,0,0,0,0,0,E03H,0H,0,0,0,0,0,0,0
1,1,7,185,RTU007_YK00185,1#馈线保护2_速断方向投退,E04H,0H,0,0,0,0,0,E04H,0H,0,0,0,0,0,0,0
1,1,7,186,RTU007_YK00186,1#馈线保护2_限时速断方向投退,E05H,0H,0,0,0,0,0,E05H,0H,0,0,0,0,0,0,0
1,1,7,187,RTU007_YK00187,1#馈线保护2_过电流方向投退,E06H,0H,0,0,0,0,0,E06H,0H,0,0,0,0,0,0,0
1,1,7,188,RTU007_YK00188,1#馈线保护2_速断复压闭锁投退,E07H,0H,0,0,0,0,0,E07H,0H,0,0,0,0,0,0,0
1,1,7,189,RTU007_YK00189,1#馈线保护2_限时速断复压闭锁投退,E08H,0H,0,0,0,0,0,E08H,0H,0,0,0,0,0,0,0
1,1,7,190,RTU007_YK00190,1#馈线保护2_过电流复压闭锁投退,E09H,0H,0,0,0,0,0,E09H,0H,0,0,0,0,0,0,0
1,1,7,191,RTU007_YK00191,1#馈线保护2_反时限过流投退,E0AH,0H,0,0,0,0,0,E0AH,0H,0,0,0,0,0,0,0
1,1,7,192,RTU007_YK00192,1#馈线保护2_零序过流I段投退,E0BH,0H,0,0,0,0,0,E0BH,0H,0,0,0,0,0,0,0
1,1,7,193,RTU007_YK00193,1#馈线保护2_零序过流II段投退,E0CH,0H,0,0,0,0,0,E0CH,0H,0,0,0,0,0,0,0
1,1,7,194,RTU007_YK00194,1#馈线保护2_零序过流III段告警投退,E0DH,0H,0,0,0,0,0,E0DH,0H,0,0,0,0,0,0,0
1,1,7,195,RTU007_YK00195,1#馈线保护2_零序过流III段保护投退,E0EH,0H,0,0,0,0,0,E0EH,0H,0,0,0,0,0,0,0
1,1,7,196,RTU007_YK00196,1#馈线保护2_零序过流I段方向投退,E0FH,0H,0,0,0,0,0,E0FH,0H,0,0,0,0,0,0,0
1,1,7,197,RTU007_YK00197,1#馈线保护2_零序过流II段方向投退,E10H,0H,0,0,0,0,0,E10H,0H,0,0,0,0,0,0,0
1,1,7,198,RTU007_YK00198,1#馈线保护2_零序过流III段方向投退,E11H,0H,0,0,0,0,0,E11H,0H,0,0,0,0,0,0,0
1,1,7,199,RTU007_YK00199,1#馈线保护2_零序电压闭锁零序过流I段投退,E12H,0H,0,0,0,0,0,E12H,0H,0,0,0,0,0,0,0
1,1,7,200,RTU007_YK00200,1#馈线保护2_零序电压闭锁零序过流II段投退,E13H,0H,0,0,0,0,0,E13H,0H,0,0,0,0,0,0,0
1,1,7,201,RTU007_YK00201,1#馈线保护2_零序电压闭锁零序过流III段投退,E14H,0H,0,0,0,0,0,E14H,0H,0,0,0,0,0,0,0
1,1,7,202,RTU007_YK00202,1#馈线保护2_零序过压告警投退,E15H,0H,0,0,0,0,0,E15H,0H,0,0,0,0,0,0,0
1,1,7,203,RTU007_YK00203,1#馈线保护2_零序过压跳闸投退,E16H,0H,0,0,0,0,0,E16H,0H,0,0,0,0,0,0,0
1,1,7,204,RTU007_YK00204,1#馈线保护2_过负荷告警投退,E17H,0H,0,0,0,0,0,E17H,0H,0,0,0,0,0,0,0
1,1,7,205,RTU007_YK00205,1#馈线保护2_过负荷跳闸投退,E18H,0H,0,0,0,0,0,E18H,0H,0,0,0,0,0,0,0
1,1,7,206,RTU007_YK00206,1#馈线保护2_低电压投退,E19H,0H,0,0,0,0,0,E19H,0H,0,0,0,0,0,0,0
1,1,7,207,RTU007_YK00207,1#馈线保护2_低频投退,E1AH,0H,0,0,0,0,0,E1AH,0H,0,0,0,0,0,0,0
1,1,7,208,RTU007_YK00208,1#馈线保护2_滑差闭锁投退,E1BH,0H,0,0,0,0,0,E1BH,0H,0,0,0,0,0,0,0
1,1,7,209,RTU007_YK00209,1#馈线保护2_保护启动重合闸投退,E1CH,0H,0,0,0,0,0,E1CH,0H,0,0,0,0,0,0,0
1,1,7,210,RTU007_YK00210,1#馈线保护2_不对应启动重合闸投退,E1DH,0H,0,0,0,0,0,E1DH,0H,0,0,0,0,0,0,0
1,1,7,211,RTU007_YK00211,1#馈线保护2_检同期投退,E1EH,0H,0,0,0,0,0,E1EH,0H,0,0,0,0,0,0,0
1,1,7,212,RTU007_YK00212,1#馈线保护2_检无压投退,E1FH,0H,0,0,0,0,0,E1FH,0H,0,0,0,0,0,0,0
1,1,7,213,RTU007_YK00213,1#馈线保护2_过流后加速投退,E20H,0H,0,0,0,0,0,E20H,0H,0,0,0,0,0,0,0
1,1,7,214,RTU007_YK00214,1#馈线保护2_零序过流后加速投退,E21H,0H,0,0,0,0,0,E21H,0H,0,0,0,0,0,0,0
1,1,7,215,RTU007_YK00215,1#馈线保护2_PT断线告警投退,E22H,0H,0,0,0,0,0,E22H,0H,0,0,0,0,0,0,0
1,1,7,216,RTU007_YK00216,1#馈线保护2_PT断线闭锁投退,E23H,0H,0,0,0,0,0,E23H,0H,0,0,0,0,0,0,0
1,1,7,217,RTU007_YK00217,1#馈线保护2_非电量1投退,E24H,0H,0,0,0,0,0,E24H,0H,0,0,0,0,0,0,0
1,1,7,218,RTU007_YK00218,1#馈线保护2_母充保护,E25H,0H,0,0,0,0,0,E25H,0H,0,0,0,0,0,0,0
1,1,7,219,RTU007_YK00219,1#馈线保护2_手动同期投退,E26H,0H,0,0,0,0,0,E26H,0H,0,0,0,0,0,0,0
1,1,7,220,RTU007_YK00220,1#馈线保护2_遥控同期投退,E27H,0H,0,0,0,0,0,E27H,0H,0,0,0,0,0,0,0
1,1,7,221,RTU007_YK00221,1#馈线保护2_控制回路断线告警投退,E28H,0H,0,0,0,0,0,E28H,0H,0,0,0,0,0,0,0
1,1,7,222,RTU007_YK00222,1#馈线保护2_逆功率保护投退,E29H,0H,0,0,0,0,0,E29H,0H,0,0,0,0,0,0,0
1,1,8,223,RTU008_YK00223,1#馈线保护3_遥控,C01H,0H,0,0,0,0,0,C01H,0H,0,0,0,0,0,0,0
1,1,8,224,RTU008_YK00224,1#馈线保护3_复归,1000H,0H,0,0,3,0,0,1000H,0H,0,0,0,0,0,0,0
1,1,8,225,RTU008_YK00225,1#馈线保护3_速断保护投退,E01H,0H,0,0,0,0,0,E01H,0H,0,0,0,0,0,0,0
1,1,8,226,RTU008_YK00226,1#馈线保护3_限时速断保护投退,E02H,0H,0,0,0,0,0,E02H,0H,0,0,0,0,0,0,0
1,1,8,227,RTU008_YK00227,1#馈线保护3_过电流保护投退,E03H,0H,0,0,0,0,0,E03H,0H,0,0,0,0,0,0,0
1,1,8,228,RTU008_YK00228,1#馈线保护3_速断方向投退,E04H,0H,0,0,0,0,0,E04H,0H,0,0,0,0,0,0,0
1,1,8,229,RTU008_YK00229,1#馈线保护3_限时速断方向投退,E05H,0H,0,0,0,0,0,E05H,0H,0,0,0,0,0,0,0
1,1,8,230,RTU008_YK00230,1#馈线保护3_过电流方向投退,E06H,0H,0,0,0,0,0,E06H,0H,0,0,0,0,0,0,0
1,1,8,231,RTU008_YK00231,1#馈线保护3_速断复压闭锁投退,E07H,0H,0,0,0,0,0,E07H,0H,0,0,0,0,0,0,0
1,1,8,232,RTU008_YK00232,1#馈线保护3_限时速断复压闭锁投退,E08H,0H,0,0,0,0,0,E08H,0H,0,0,0,0,0,0,0
1,1,8,233,RTU008_YK00233,1#馈线保护3_过电流复压闭锁投退,E09H,0H,0,0,0,0,0,E09H,0H,0,0,0,0,0,0,0
1,1,8,234,RTU008_YK00234,1#馈线保护3_反时限过流投退,E0AH,0H,0,0,0,0,0,E0AH,0H,0,0,0,0,0,0,0
1,1,8,235,RTU008_YK00235,1#馈线保护3_零序过流I段投退,E0BH,0H,0,0,0,0,0,E0BH,0H,0,0,0,0,0,0,0
1,1,8,236,RTU008_YK00236,1#馈线保护3_零序过流II段投退,E0CH,0H,0,0,0,0,0,E0CH,0H,0,0,0,0,0,0,0
1,1,8,237,RTU008_YK00237,1#馈线保护3_零序过流III段告警投退,E0DH,0H,0,0,0,0,0,E0DH,0H,0,0,0,0,0,0,0
1,1,8,238,RTU008_YK00238,1#馈线保护3_零序过流III段保护投退,E0EH,0H,0,0,0,0,0,E0EH,0H,0,0,0,0,0,0,0
1,1,8,239,RTU008_YK00239,1#馈线保护3_零序过流I段方向投退,E0FH,0H,0,0,0,0,0,E0FH,0H,0,0,0,0,0,0,0
1,1,8,240,RTU008_YK00240,1#馈线保护3_零序过流II段方向投退,E10H,0H,0,0,0,0,0,E10H,0H,0,0,0,0,0,0,0
1,1,8,241,RTU008_YK00241,1#馈线保护3_零序过流III段方向投退,E11H,0H,0,0,0,0,0,E11H,0H,0,0,0,0,0,0,0
1,1,8,242,RTU008_YK00242,1#馈线保护3_零序电压闭锁零序过流I段投退,E12H,0H,0,0,0,0,0,E12H,0H,0,0,0,0,0,0,0
1,1,8,243,RTU008_YK00243,1#馈线保护3_零序电压闭锁零序过流II段投退,E13H,0H,0,0,0,0,0,E13H,0H,0,0,0,0,0,0,0
1,1,8,244,RTU008_YK00244,1#馈线保护3_零序电压闭锁零序过流III段投退,E14H,0H,0,0,0,0,0,E14H,0H,0,0,0,0,0,0,0
1,1,8,245,RTU008_YK00245,1#馈线保护3_零序过压告警投退,E15H,0H,0,0,0,0,0,E15H,0H,0,0,0,0,0,0,0
1,1,8,246,RTU008_YK00246,1#馈线保护3_零序过压跳闸投退,E16H,0H,0,0,0,0,0,E16H,0H,0,0,0,0,0,0,0
1,1,8,247,RTU008_YK00247,1#馈线保护3_过负荷告警投退,E17H,0H,0,0,0,0,0,E17H,0H,0,0,0,0,0,0,0
1,1,8,248,RTU008_YK00248,1#馈线保护3_过负荷跳闸投退,E18H,0H,0,0,0,0,0,E18H,0H,0,0,0,0,0,0,0
1,1,8,249,RTU008_YK00249,1#馈线保护3_低电压投退,E19H,0H,0,0,0,0,0,E19H,0H,0,0,0,0,0,0,0
1,1,8,250,RTU008_YK00250,1#馈线保护3_低频投退,E1AH,0H,0,0,0,0,0,E1AH,0H,0,0,0,0,0,0,0
1,1,8,251,RTU008_YK00251,1#馈线保护3_滑差闭锁投退,E1BH,0H,0,0,0,0,0,E1BH,0H,0,0,0,0,0,0,0
1,1,8,252,RTU008_YK00252,1#馈线保护3_保护启动重合闸投退,E1CH,0H,0,0,0,0,0,E1CH,0H,0,0,0,0,0,0,0
1,1,8,253,RTU008_YK00253,1#馈线保护3_不对应启动重合闸投退,E1DH,0H,0,0,0,0,0,E1DH,0H,0,0,0,0,0,0,0
1,1,8,254,RTU008_YK00254,1#馈线保护3_检同期投退,E1EH,0H,0,0,0,0,0,E1EH,0H,0,0,0,0,0,0,0
1,1,8,255,RTU008_YK00255,1#馈线保护3_检无压投退,E1FH,0H,0,0,0,0,0,E1FH,0H,0,0,0,0,0,0,0
1,1,8,256,RTU008_YK00256,1#馈线保护3_过流后加速投退,E20H,0H,0,0,0,0,0,E20H,0H,0,0,0,0,0,0,0
1,1,8,257,RTU008_YK00257,1#馈线保护3_零序过流后加速投退,E21H,0H,0,0,0,0,0,E21H,0H,0,0,0,0,0,0,0
1,1,8,258,RTU008_YK00258,1#馈线保护3_PT断线告警投退,E22H,0H,0,0,0,0,0,E22H,0H,0,0,0,0,0,0,0
1,1,8,259,RTU008_YK00259,1#馈线保护3_PT断线闭锁投退,E23H,0H,0,0,0,0,0,E23H,0H,0,0,0,0,0,0,0
1,1,8,260,RTU008_YK00260,1#馈线保护3_非电量1投退,E24H,0H,0,0,0,0,0,E24H,0H,0,0,0,0,0,0,0
1,1,8,261,RTU008_YK00261,1#馈线保护3_母充保护,E25H,0H,0,0,0,0,0,E25H,0H,0,0,0,0,0,0,0
1,1,8,262,RTU008_YK00262,1#馈线保护3_手动同期投退,E26H,0H,0,0,0,0,0,E26H,0H,0,0,0,0,0,0,0
1,1,8,263,RTU008_YK00263,1#馈线保护3_遥控同期投退,E27H,0H,0,0,0,0,0,E27H,0H,0,0,0,0,0,0,0
1,1,8,264,RTU008_YK00264,1#馈线保护3_控制回路断线告警投退,E28H,0H,0,0,0,0,0,E28H,0H,0,0,0,0,0,0,0
1,1,8,265,RTU008_YK00265,1#馈线保护3_逆功率保护投退,E29H,0H,0,0,0,0,0,E29H,0H,0,0,0,0,0,0,0
1,1,9,266,RTU009_YK00266,母联保护_遥控,C01H,0H,0,0,0,0,0,C01H,0H,0,0,0,0,0,0,0
1,1,9,267,RTU009_YK00267,母联保护_复归,1000H,0H,0,0,3,0,0,1000H,0H,0,0,0,0,0,0,0
1,1,9,268,RTU009_YK00268,母联保护_速断保护投退,E01H,0H,0,0,0,0,0,E01H,0H,0,0,0,0,0,0,0
1,1,9,269,RTU009_YK00269,母联保护_限时速断保护投退,E02H,0H,0,0,0,0,0,E02H,0H,0,0,0,0,0,0,0
1,1,9,270,RTU009_YK00270,母联保护_过电流保护投退,E03H,0H,0,0,0,0,0,E03H,0H,0,0,0,0,0,0,0
1,1,9,271,RTU009_YK00271,母联保护_速断方向投退,E04H,0H,0,0,0,0,0,E04H,0H,0,0,0,0,0,0,0
1,1,9,272,RTU009_YK00272,母联保护_限时速断方向投退,E05H,0H,0,0,0,0,0,E05H,0H,0,0,0,0,0,0,0
1,1,9,273,RTU009_YK00273,母联保护_过电流方向投退,E06H,0H,0,0,0,0,0,E06H,0H,0,0,0,0,0,0,0
1,1,9,274,RTU009_YK00274,母联保护_速断复压闭锁投退,E07H,0H,0,0,0,0,0,E07H,0H,0,0,0,0,0,0,0
1,1,9,275,RTU009_YK00275,母联保护_限时速断复压闭锁投退,E08H,0H,0,0,0,0,0,E08H,0H,0,0,0,0,0,0,0
1,1,9,276,RTU009_YK00276,母联保护_过电流复压闭锁投退,E09H,0H,0,0,0,0,0,E09H,0H,0,0,0,0,0,0,0
1,1,9,277,RTU009_YK00277,母联保护_反时限过流投退,E0AH,0H,0,0,0,0,0,E0AH,0H,0,0,0,0,0,0,0
1,1,9,278,RTU009_YK00278,母联保护_零序过流I段投退,E0BH,0H,0,0,0,0,0,E0BH,0H,0,0,0,0,0,0,0
1,1,9,279,RTU009_YK00279,母联保护_零序过流II段投退,E0CH,0H,0,0,0,0,0,E0CH,0H,0,0,0,0,0,0,0
1,1,9,280,RTU009_YK00280,母联保护_零序过流III段告警投退,E0DH,0H,0,0,0,0,0,E0DH,0H,0,0,0,0,0,0,0
1,1,9,281,RTU009_YK00281,母联保护_零序过流III段保护投退,E0EH,0H,0,0,0,0,0,E0EH,0H,0,0,0,0,0,0,0
1,1,9,282,RTU009_YK00282,母联保护_零序过流I段方向投退,E0FH,0H,0,0,0,0,0,E0FH,0H,0,0,0,0,0,0,0
1,1,9,283,RTU009_YK00283,母联保护_零序过流II段方向投退,E10H,0H,0,0,0,0,0,E10H,0H,0,0,0,0,0,0,0
1,1,9,284,RTU009_YK00284,母联保护_零序过流III段方向投退,E11H,0H,0,0,0,0,0,E11H,0H,0,0,0,0,0,0,0
1,1,9,285,RTU009_YK00285,母联保护_零序电压闭锁零序过流I段投退,E12H,0H,0,0,0,0,0,E12H,0H,0,0,0,0,0,0,0
1,1,9,286,RTU009_YK00286,母联保护_零序电压闭锁零序过流II段投退,E13H,0H,0,0,0,0,0,E13H,0H,0,0,0,0,0,0,0
1,1,9,287,RTU009_YK00287,母联保护_零序电压闭锁零序过流III段投退,E14H,0H,0,0,0,0,0,E14H,0H,0,0,0,0,0,0,0
1,1,9,288,RTU009_YK00288,母联保护_零序过压告警投退,E15H,0H,0,0,0,0,0,E15H,0H,0,0,0,0,0,0,0
1,1,9,289,RTU009_YK00289,母联保护_零序过压跳闸投退,E16H,0H,0,0,0,0,0,E16H,0H,0,0,0,0,0,0,0
1,1,9,290,RTU009_YK00290,母联保护_过负荷告警投退,E17H,0H,0,0,0,0,0,E17H,0H,0,0,0,0,0,0,0
1,1,9,291,RTU009_YK00291,母联保护_过负荷跳闸投退,E18H,0H,0,0,0,0,0,E18H,0H,0,0,0,0,0,0,0
1,1,9,292,RTU009_YK00292,母联保护_低电压投退,E19H,0H,0,0,0,0,0,E19H,0H,0,0,0,0,0,0,0
1,1,9,293,RTU009_YK00293,母联保护_低频投退,E1AH,0H,0,0,0,0,0,E1AH,0H,0,0,0,0,0,0,0
1,1,9,294,RTU009_YK00294,母联保护_滑差闭锁投退,E1BH,0H,0,0,0,0,0,E1BH,0H,0,0,0,0,0,0,0
1,1,9,295,RTU009_YK00295,母联保护_保护启动重合闸投退,E1CH,0H,0,0,0,0,0,E1CH,0H,0,0,0,0,0,0,0
1,1,9,296,RTU009_YK00296,母联保护_不对应启动重合闸投退,E1DH,0H,0,0,0,0,0,E1DH,0H,0,0,0,0,0,0,0
1,1,9,297,RTU009_YK00297,母联保护_检同期投退,E1EH,0H,0,0,0,0,0,E1EH,0H,0,0,0,0,0,0,0
1,1,9,298,RTU009_YK00298,母联保护_检无压投退,E1FH,0H,0,0,0,0,0,E1FH,0H,0,0,0,0,0,0,0
1,1,9,299,RTU009_YK00299,母联保护_过流后加速投退,E20H,0H,0,0,0,0,0,E20H,0H,0,0,0,0,0,0,0
1,1,9,300,RTU009_YK00300,母联保护_零序过流后加速投退,E21H,0H,0,0,0,0,0,E21H,0H,0,0,0,0,0,0,0
1,1,9,301,RTU009_YK00301,母联保护_PT断线告警投退,E22H,0H,0,0,0,0,0,E22H,0H,0,0,0,0,0,0,0
1,1,9,302,RTU009_YK00302,母联保护_PT断线闭锁投退,E23H,0H,0,0,0,0,0,E23H,0H,0,0,0,0,0,0,0
1,1,9,303,RTU009_YK00303,母联保护_非电量1投退,E24H,0H,0,0,0,0,0,E24H,0H,0,0,0,0,0,0,0
1,1,9,304,RTU009_YK00304,母联保护_母充保护,E25H,0H,0,0,0,0,0,E25H,0H,0,0,0,0,0,0,0
1,1,9,305,RTU009_YK00305,母联保护_手动同期投退,E26H,0H,0,0,0,0,0,E26H,0H,0,0,0,0,0,0,0
1,1,9,306,RTU009_YK00306,母联保护_遥控同期投退,E27H,0H,0,0,0,0,0,E27H,0H,0,0,0,0,0,0,0
1,1,9,307,RTU009_YK00307,母联保护_控制回路断线告警投退,E28H,0H,0,0,0,0,0,E28H,0H,0,0,0,0,0,0,0
1,1,9,308,RTU009_YK00308,母联保护_逆功率保护投退,E29H,0H,0,0,0,0,0,E29H,0H,0,0,0,0,0,0,0
1,1,10,309,RTU010_YK00309,2#高后备保护_遥控,C01H,0H,0,0,0,0,0,C01H,0H,0,0,0,0,0,0,0
1,1,10,310,RTU010_YK00310,2#高后备保护_复归,1000H,0H,0,0,3,0,0,1000H,0H,0,0,0,0,0,0,0
1,1,10,311,RTU010_YK00311,2#高后备保护_电流速断保护投退,E01H,0H,0,0,0,0,0,E01H,0H,0,0,0,0,0,0,0
1,1,10,312,RTU010_YK00312,2#高后备保护_限时电流速断保护投退,E02H,0H,0,0,0,0,0,E02H,0H,0,0,0,0,0,0,0
1,1,10,313,RTU010_YK00313,2#高后备保护_定时限过电流投退,E03H,0H,0,0,0,0,0,E03H,0H,0,0,0,0,0,0,0
1,1,10,314,RTU010_YK00314,2#高后备保护_电流速断复压闭锁投退,E04H,0H,0,0,0,0,0,E04H,0H,0,0,0,0,0,0,0
1,1,10,315,RTU010_YK00315,2#高后备保护_限时电流速断复压闭锁投退,E05H,0H,0,0,0,0,0,E05H,0H,0,0,0,0,0,0,0
1,1,10,316,RTU010_YK00316,2#高后备保护_定时限过电流复压闭锁投退,E06H,0H,0,0,0,0,0,E06H,0H,0,0,0,0,0,0,0
1,1,10,317,RTU010_YK00317,2#高后备保护_反时限过电流投退,E07H,0H,0,0,0,0,0,E07H,0H,0,0,0,0,0,0,0
1,1,10,318,RTU010_YK00318,2#高后备保护_负序定时限过流投退,E08H,0H,0,0,0,0,0,E08H,0H,0,0,0,0,0,0,0
1,1,10,319,RTU010_YK00319,2#高后备保护_负序反时限过流投退,E09H,0H,0,0,0,0,0,E09H,0H,0,0,0,0,0,0,0
1,1,10,320,RTU010_YK00320,2#高后备保护_过负荷告警投退,E0AH,0H,0,0,0,0,0,E0AH,0H,0,0,0,0,0,0,0
1,1,10,321,RTU010_YK00321,2#高后备保护_过负荷跳闸投退,E0BH,0H,0,0,0,0,0,E0BH,0H,0,0,0,0,0,0,0
1,1,10,322,RTU010_YK00322,2#高后备保护_零序过压告警投退,E0CH,0H,0,0,0,0,0,E0CH,0H,0,0,0,0,0,0,0
1,1,10,323,RTU010_YK00323,2#高后备保护_零序过压跳闸投退,E0DH,0H,0,0,0,0,0,E0DH,0H,0,0,0,0,0,0,0
1,1,10,324,RTU010_YK00324,2#高后备保护_零序过流I段投退,E0EH,0H,0,0,0,0,0,E0EH,0H,0,0,0,0,0,0,0
1,1,10,325,RTU010_YK00325,2#高后备保护_零序过流Ⅱ段投退,E0FH,0H,0,0,0,0,0,E0FH,0H,0,0,0,0,0,0,0
1,1,10,326,RTU010_YK00326,2#高后备保护_零序过流Ⅲ段告警投退,E10H,0H,0,0,0,0,0,E10H,0H,0,0,0,0,0,0,0
1,1,10,327,RTU010_YK00327,2#高后备保护_零序过流Ⅲ段跳闸投退,E11H,0H,0,0,0,0,0,E11H,0H,0,0,0,0,0,0,0
1,1,10,328,RTU010_YK00328,2#高后备保护_低压零序过流定时限投退,E12H,0H,0,0,0,0,0,E12H,0H,0,0,0,0,0,0,0
1,1,10,329,RTU010_YK00329,2#高后备保护_低压零序过流反时限投退,E13H,0H,0,0,0,0,0,E13H,0H,0,0,0,0,0,0,0
1,1,10,330,RTU010_YK00330,2#高后备保护_低电压保护投退,E14H,0H,0,0,0,0,0,E14H,0H,0,0,0,0,0,0,0
1,1,10,331,RTU010_YK00331,2#高后备保护_过电压保护投退,E15H,0H,0,0,0,0,0,E15H,0H,0,0,0,0,0,0,0
1,1,10,332,RTU010_YK00332,2#高后备保护_重瓦斯跳闸投退,E16H,0H,0,0,0,0,0,E16H,0H,0,0,0,0,0,0,0
1,1,10,333,RTU010_YK00333,2#高后备保护_轻瓦斯告警投退,E17H,0H,0,0,0,0,0,E17H,0H,0,0,0,0,0,0,0
1,1,10,334,RTU010_YK00334,2#高后备保护_超温跳闸投退,E18H,0H,0,0,0,0,0,E18H,0H,0,0,0,0,0,0,0
1,1,10,335,RTU010_YK00335,2#高后备保护_温度告警投退,E19H,0H,0,0,0,0,0,E19H,0H,0,0,0,0,0,0,0
1,1,10,336,RTU010_YK00336,2#高后备保护_压力释放投退,E1AH,0H,0,0,0,0,0,E1AH,0H,0,0,0,0,0,0,0
1,1,10,337,RTU010_YK00337,2#高后备保护_非电量保护投退,E1BH,0H,0,0,0,0,0,E1BH,0H,0,0,0,0,0,0,0
1,1,10,338,RTU010_YK00338,2#高后备保护_PT断线投退,E1CH,0H,0,0,0,0,0,E1CH,0H,0,0,0,0,0,0,0
1,1,10,339,RTU010_YK00339,2#高后备保护_PT断线闭锁投退,E1DH,0H,0,0,0,0,0,E1DH,0H,0,0,0,0,0,0,0
1,1,10,340,RTU010_YK00340,2#高后备保护_控制回路断线告警投退,E1EH,0H,0,0,0,0,0,E1EH,0H,0,0,0,0,0,0,0
1,1,10,341,RTU010_YK00341,2#高后备保护_备用投退,E1FH,0H,0,0,0,0,0,E1FH,0H,0,0,0,0,0,0,0
1,1,10,342,RTU010_YK00342,2#高后备保护_备用投退,E20H,0H,0,0,0,0,0,E20H,0H,0,0,0,0,0,0,0
1,1,11,343,RTU011_YK00343,2#低后备保护_遥控,C01H,0H,0,0,0,0,0,C01H,0H,0,0,0,0,0,0,0
1,1,11,344,RTU011_YK00344,2#低后备保护_复归,1000H,0H,0,0,3,0,0,1000H,0H,0,0,0,0,0,0,0
1,1,11,345,RTU011_YK00345,2#低后备保护_电流速断保护投退,E01H,0H,0,0,0,0,0,E01H,0H,0,0,0,0,0,0,0
1,1,11,346,RTU011_YK00346,2#低后备保护_限时电流速断保护投退,E02H,0H,0,0,0,0,0,E02H,0H,0,0,0,0,0,0,0
1,1,11,347,RTU011_YK00347,2#低后备保护_定时限过电流投退,E03H,0H,0,0,0,0,0,E03H,0H,0,0,0,0,0,0,0
1,1,11,348,RTU011_YK00348,2#低后备保护_电流速断复压闭锁投退,E04H,0H,0,0,0,0,0,E04H,0H,0,0,0,0,0,0,0
1,1,11,349,RTU011_YK00349,2#低后备保护_限时电流速断复压闭锁投退,E05H,0H,0,0,0,0,0,E05H,0H,0,0,0,0,0,0,0
1,1,11,350,RTU011_YK00350,2#低后备保护_定时限过电流复压闭锁投退,E06H,0H,0,0,0,0,0,E06H,0H,0,0,0,0,0,0,0
1,1,11,351,RTU011_YK00351,2#低后备保护_反时限过电流投退,E07H,0H,0,0,0,0,0,E07H,0H,0,0,0,0,0,0,0
1,1,11,352,RTU011_YK00352,2#低后备保护_负序定时限过流投退,E08H,0H,0,0,0,0,0,E08H,0H,0,0,0,0,0,0,0
1,1,11,353,RTU011_YK00353,2#低后备保护_负序反时限过流投退,E09H,0H,0,0,0,0,0,E09H,0H,0,0,0,0,0,0,0
1,1,11,354,RTU011_YK00354,2#低后备保护_过负荷告警投退,E0AH,0H,0,0,0,0,0,E0AH,0H,0,0,0,0,0,0,0
1,1,11,355,RTU011_YK00355,2#低后备保护_过负荷跳闸投退,E0BH,0H,0,0,0,0,0,E0BH,0H,0,0,0,0,0,0,0
1,1,11,356,RTU011_YK00356,2#低后备保护_零序过压告警投退,E0CH,0H,0,0,0,0,0,E0CH,0H,0,0,0,0,0,0,0
1,1,11,357,RTU011_YK00357,2#低后备保护_零序过压跳闸投退,E0DH,0H,0,0,0,0,0,E0DH,0H,0,0,0,0,0,0,0
1,1,11,358,RTU011_YK00358,2#低后备保护_零序过流I段投退,E0EH,0H,0,0,0,0,0,E0EH,0H,0,0,0,0,0,0,0
1,1,11,359,RTU011_YK00359,2#低后备保护_零序过流Ⅱ段投退,E0FH,0H,0,0,0,0,0,E0FH,0H,0,0,0,0,0,0,0
1,1,11,360,RTU011_YK00360,2#低后备保护_零序过流Ⅲ段告警投退,E10H,0H,0,0,0,0,0,E10H,0H,0,0,0,0,0,0,0
1,1,11,361,RTU011_YK00361,2#低后备保护_零序过流Ⅲ段跳闸投退,E11H,0H,0,0,0,0,0,E11H,0H,0,0,0,0,0,0,0
1,1,11,362,RTU011_YK00362,2#低后备保护_低压零序过流定时限投退,E12H,0H,0,0,0,0,0,E12H,0H,0,0,0,0,0,0,0
1,1,11,363,RTU011_YK00363,2#低后备保护_低压零序过流反时限投退,E13H,0H,0,0,0,0,0,E13H,0H,0,0,0,0,0,0,0
1,1,11,364,RTU011_YK00364,2#低后备保护_低电压保护投退,E14H,0H,0,0,0,0,0,E14H,0H,0,0,0,0,0,0,0
1,1,11,365,RTU011_YK00365,2#低后备保护_过电压保护投退,E15H,0H,0,0,0,0,0,E15H,0H,0,0,0,0,0,0,0
1,1,11,366,RTU011_YK00366,2#低后备保护_重瓦斯跳闸投退,E16H,0H,0,0,0,0,0,E16H,0H,0,0,0,0,0,0,0
1,1,11,367,RTU011_YK00367,2#低后备保护_轻瓦斯告警投退,E17H,0H,0,0,0,0,0,E17H,0H,0,0,0,0,0,0,0
1,1,11,368,RTU011_YK00368,2#低后备保护_超温跳闸投退,E18H,0H,0,0,0,0,0,E18H,0H,0,0,0,0,0,0,0
1,1,11,369,RTU011_YK00369,2#低后备保护_温度告警投退,E19H,0H,0,0,0,0,0,E19H,0H,0,0,0,0,0,0,0
1,1,11,370,RTU011_YK00370,2#低后备保护_压力释放投退,E1AH,0H,0,0,0,0,0,E1AH,0H,0,0,0,0,0,0,0
1,1,11,371,RTU011_YK00371,2#低后备保护_非电量保护投退,E1BH,0H,0,0,0,0,0,E1BH,0H,0,0,0,0,0,0,0
1,1,11,372,RTU011_YK00372,2#低后备保护_PT断线投退,E1CH,0H,0,0,0,0,0,E1CH,0H,0,0,0,0,0,0,0
1,1,11,373,RTU011_YK00373,2#低后备保护_PT断线闭锁投退,E1DH,0H,0,0,0,0,0,E1DH,0H,0,0,0,0,0,0,0
1,1,11,374,RTU011_YK00374,2#低后备保护_控制回路断线告警投退,E1EH,0H,0,0,0,0,0,E1EH,0H,0,0,0,0,0,0,0
1,1,11,375,RTU011_YK00375,2#低后备保护_备用投退,E1FH,0H,0,0,0,0,0,E1FH,0H,0,0,0,0,0,0,0
1,1,11,376,RTU011_YK00376,2#低后备保护_备用投退,E20H,0H,0,0,0,0,0,E20H,0H,0,0,0,0,0,0,0
1,1,12,377,RTU012_YK00377,2#差动保护_遥控,C01H,0H,0,0,0,0,0,C01H,0H,0,0,0,0,0,0,0
1,1,12,378,RTU012_YK00378,2#差动保护_复归,1000H,0H,0,0,3,0,0,1000H,0H,0,0,0,0,0,0,0
1,1,12,379,RTU012_YK00379,2#差动保护_电流速断保护投退,E01H,0H,0,0,0,0,0,E01H,0H,0,0,0,0,0,0,0
1,1,12,380,RTU012_YK00380,2#差动保护_限时电流速断保护投退,E02H,0H,0,0,0,0,0,E02H,0H,0,0,0,0,0,0,0
1,1,12,381,RTU012_YK00381,2#差动保护_定时限过电流投退,E03H,0H,0,0,0,0,0,E03H,0H,0,0,0,0,0,0,0
1,1,12,382,RTU012_YK00382,2#差动保护_电流速断复压闭锁投退,E04H,0H,0,0,0,0,0,E04H,0H,0,0,0,0,0,0,0
1,1,12,383,RTU012_YK00383,2#差动保护_限时电流速断复压闭锁投退,E05H,0H,0,0,0,0,0,E05H,0H,0,0,0,0,0,0,0
1,1,12,384,RTU012_YK00384,2#差动保护_定时限过电流复压闭锁投退,E06H,0H,0,0,0,0,0,E06H,0H,0,0,0,0,0,0,0
1,1,12,385,RTU012_YK00385,2#差动保护_反时限过电流投退,E07H,0H,0,0,0,0,0,E07H,0H,0,0,0,0,0,0,0
1,1,12,386,RTU012_YK00386,2#差动保护_负序定时限过流投退,E08H,0H,0,0,0,0,0,E08H,0H,0,0,0,0,0,0,0
1,1,12,387,RTU012_YK00387,2#差动保护_负序反时限过流投退,E09H,0H,0,0,0,0,0,E09H,0H,0,0,0,0,0,0,0
1,1,12,388,RTU012_YK00388,2#差动保护_过负荷告警投退,E0AH,0H,0,0,0,0,0,E0AH,0H,0,0,0,0,0,0,0
1,1,12,389,RTU012_YK00389,2#差动保护_过负荷跳闸投退,E0BH,0H,0,0,0,0,0,E0BH,0H,0,0,0,0,0,0,0
1,1,12,390,RTU012_YK00390,2#差动保护_零序过流I段投退,E0CH,0H,0,0,0,0,0,E0CH,0H,0,0,0,0,0,0,0
1,1,12,391,RTU012_YK00391,2#差动保护_零序过流Ⅱ段投退,E0DH,0H,0,0,0,0,0,E0DH,0H,0,0,0,0,0,0,0
1,1,12,392,RTU012_YK00392,2#差动保护_零序过流Ⅲ段告警投退,E0EH,0H,0,0,0,0,0,E0EH,0H,0,0,0,0,0,0,0
1,1,12,393,RTU012_YK00393,2#差动保护_零序过流Ⅲ段跳闸投退,E0FH,0H,0,0,0,0,0,E0FH,0H,0,0,0,0,0,0,0
1,1,12,394,RTU012_YK00394,2#差动保护_低压零序过流定时限投退,E10H,0H,0,0,0,0,0,E10H,0H,0,0,0,0,0,0,0
1,1,12,395,RTU012_YK00395,2#差动保护_低压零序过流反时限投退,E11H,0H,0,0,0,0,0,E11H,0H,0,0,0,0,0,0,0
1,1,12,396,RTU012_YK00396,2#差动保护_低电压保护投退,E12H,0H,0,0,0,0,0,E12H,0H,0,0,0,0,0,0,0
1,1,12,397,RTU012_YK00397,2#差动保护_过电压保护投退,E13H,0H,0,0,0,0,0,E13H,0H,0,0,0,0,0,0,0
1,1,12,398,RTU012_YK00398,2#差动保护_重瓦斯跳闸投退,E14H,0H,0,0,0,0,0,E14H,0H,0,0,0,0,0,0,0
1,1,12,399,RTU012_YK00399,2#差动保护_轻瓦斯告警投退,E15H,0H,0,0,0,0,0,E15H,0H,0,0,0,0,0,0,0
1,1,12,400,RTU012_YK00400,2#差动保护_超温跳闸投退,E16H,0H,0,0,0,0,0,E16H,0H,0,0,0,0,0,0,0
1,1,12,401,RTU012_YK00401,2#差动保护_温度告警投退,E17H,0H,0,0,0,0,0,E17H,0H,0,0,0,0,0,0,0
1,1,12,402,RTU012_YK00402,2#差动保护_压力释放投退,E18H,0H,0,0,0,0,0,E18H,0H,0,0,0,0,0,0,0
1,1,12,403,RTU012_YK00403,2#差动保护_非电量保护投退,E19H,0H,0,0,0,0,0,E19H,0H,0,0,0,0,0,0,0
1,1,12,404,RTU012_YK00404,2#差动保护_控制回路断线告警投退,E1AH,0H,0,0,0,0,0,E1AH,0H,0,0,0,0,0,0,0
1,1,12,405,RTU012_YK00405,2#差动保护_PT断线投退,E1BH,0H,0,0,0,0,0,E1BH,0H,0,0,0,0,0,0,0
1,1,12,406,RTU012_YK00406,2#差动保护_PT断线闭锁投退,E1CH,0H,0,0,0,0,0,E1CH,0H,0,0,0,0,0,0,0
1,1,12,407,RTU012_YK00407,2#差动保护_CT断线投退,E1DH,0H,0,0,0,0,0,E1DH,0H,0,0,0,0,0,0,0
1,1,12,408,RTU012_YK00408,2#差动保护_CT断线闭锁投退,E1EH,0H,0,0,0,0,0,E1EH,0H,0,0,0,0,0,0,0
1,1,12,409,RTU012_YK00409,2#差动保护_复合电压投退,E1FH,0H,0,0,0,0,0,E1FH,0H,0,0,0,0,0,0,0
1,1,12,410,RTU012_YK00410,2#差动保护_低频减载投退,E20H,0H,0,0,0,0,0,E20H,0H,0,0,0,0,0,0,0
1,1,12,411,RTU012_YK00411,2#差动保护_滑差闭锁投退,E21H,0H,0,0,0,0,0,E21H,0H,0,0,0,0,0,0,0
1,1,12,412,RTU012_YK00412,2#差动保护_差动速断投退,E22H,0H,0,0,0,0,0,E22H,0H,0,0,0,0,0,0,0
1,1,12,413,RTU012_YK00413,2#差动保护_比率差动投退,E23H,0H,0,0,0,0,0,E23H,0H,0,0,0,0,0,0,0
1,1,12,414,RTU012_YK00414,2#差动保护_差流越限告警投退,E24H,0H,0,0,0,0,0,E24H,0H,0,0,0,0,0,0,0
1,1,13,415,RTU013_YK00415,2#电容器保护_遥控,C01H,0H,0,0,0,0,0,C01H,0H,0,0,0,0,0,0,0
1,1,13,416,RTU013_YK00416,2#电容器保护_复归,1000H,0H,0,0,3,0,0,1000H,0H,0,0,0,0,0,0,0
1,1,13,417,RTU013_YK00417,2#电容器保护_速断保护投退,E01H,0H,0,0,0,0,0,E01H,0H,0,0,0,0,0,0,0
1,1,13,418,RTU013_YK00418,2#电容器保护_过电流保护投退,E02H,0H,0,0,0,0,0,E02H,0H,0,0,0,0,0,0,0
1,1,13,419,RTU013_YK00419,2#电容器保护_零序过流告警投退,E03H,0H,0,0,0,0,0,E03H,0H,0,0,0,0,0,0,0
1,1,13,420,RTU013_YK00420,2#电容器保护_零序过流跳闸投退,E04H,0H,0,0,0,0,0,E04H,0H,0,0,0,0,0,0,0
1,1,13,421,RTU013_YK00421,2#电容器保护_过压告警投退,E05H,0H,0,0,0,0,0,E05H,0H,0,0,0,0,0,0,0
1,1,13,422,RTU013_YK00422,2#电容器保护_过压跳闸投退,E06H,0H,0,0,0,0,0,E06H,0H,0,0,0,0,0,0,0
1,1,13,423,RTU013_YK00423,2#电容器保护_失压跳闸投退,E07H,0H,0,0,0,0,0,E07H,0H,0,0,0,0,0,0,0
1,1,13,424,RTU013_YK00424,2#电容器保护_失压电流闭锁投退,E08H,0H,0,0,0,0,0,E08H,0H,0,0,0,0,0,0,0
1,1,13,425,RTU013_YK00425,2#电容器保护_重瓦斯跳闸投退,E09H,0H,0,0,0,0,0,E09H,0H,0,0,0,0,0,0,0
1,1,13,426,RTU013_YK00426,2#电容器保护_轻瓦斯告警投退,E0AH,0H,0,0,0,0,0,E0AH,0H,0,0,0,0,0,0,0
1,1,13,427,RTU013_YK00427,2#电容器保护_超温跳闸投退,E0BH,0H,0,0,0,0,0,E0BH,0H,0,0,0,0,0,0,0
1,1,13,428,RTU013_YK00428,2#电容器保护_温度告警投退,E0CH,0H,0,0,0,0,0,E0CH,0H,0,0,0,0,0,0,0
1,1,13,429,RTU013_YK00429,2#电容器保护_非电量保护投退,E0DH,0H,0,0,0,0,0,E0DH,0H,0,0,0,0,0,0,0
1,1,13,430,RTU013_YK00430,2#电容器保护_控制回路断线告警投退,E0EH,0H,0,0,0,0,0,E0EH,0H,0,0,0,0,0,0,0
1,1,13,431,RTU013_YK00431,2#电容器保护_PT断线告警投退,E0FH,0H,0,0,0,0,0,E0FH,0H,0,0,0,0,0,0,0
1,1,13,432,RTU013_YK00432,2#电容器保护_PT断线闭锁投退,E10H,0H,0,0,0,0,0,E10H,0H,0,0,0,0,0,0,0
1,1,13,433,RTU013_YK00433,2#电容器保护_不平衡电压跳闸投退,E11H,0H,0,0,0,0,0,E11H,0H,0,0,0,0,0,0,0
1,1,13,434,RTU013_YK00434,2#电容器保护_不平衡电流跳闸投退,E12H,0H,0,0,0,0,0,E12H,0H,0,0,0,0,0,0,0
1,1,14,435,RTU014_YK00435,2#PT柜保护_遥控,C01H,0H,0,0,0,0,0,C01H,0H,0,0,0,0,0,0,0
1,1,14,436,RTU014_YK00436,2#PT柜保护_复归,1000H,0H,0,0,3,0,0,1000H,0H,0,0,0,0,0,0,0
1,1,14,437,RTU014_YK00437,2#PT柜保护_Ⅰ段过电压告警投退,E01H,0H,0,0,0,0,0,E01H,0H,0,0,0,0,0,0,0
1,1,14,438,RTU014_YK00438,2#PT柜保护_Ⅰ段低电压告警投退,E02H,0H,0,0,0,0,0,E02H,0H,0,0,0,0,0,0,0
1,1,14,439,RTU014_YK00439,2#PT柜保护_Ⅱ段过电压告警投退,E03H,0H,0,0,0,0,0,E03H,0H,0,0,0,0,0,0,0
1,1,14,440,RTU014_YK00440,2#PT柜保护_Ⅱ段低电压告警投退,E04H,0H,0,0,0,0,0,E04H,0H,0,0,0,0,0,0,0
1,1,14,441,RTU014_YK00441,2#PT柜保护_Ⅰ段接地告警投退,E05H,0H,0,0,0,0,0,E05H,0H,0,0,0,0,0,0,0
1,1,14,442,RTU014_YK00442,2#PT柜保护_Ⅱ段接地告警投退,E06H,0H,0,0,0,0,0,E06H,0H,0,0,0,0,0,0,0
1,1,14,443,RTU014_YK00443,2#PT柜保护_Ⅰ段PT断线投退,E07H,0H,0,0,0,0,0,E07H,0H,0,0,0,0,0,0,0
1,1,14,444,RTU014_YK00444,2#PT柜保护_Ⅱ段PT断线投退,E08H,0H,0,0,0,0,0,E08H,0H,0,0,0,0,0,0,0
1,1,15,445,RTU015_YK00445,2#馈线保护1_遥控,C01H,0H,0,0,0,0,0,C01H,0H,0,0,0,0,0,0,0
1,1,15,446,RTU015_YK00446,2#馈线保护1_复归,1000H,0H,0,0,3,0,0,1000H,0H,0,0,0,0,0,0,0
1,1,15,447,RTU015_YK00447,2#馈线保护1_速断保护投退,E01H,0H,0,0,0,0,0,E01H,0H,0,0,0,0,0,0,0
1,1,15,448,RTU015_YK00448,2#馈线保护1_限时速断保护投退,E02H,0H,0,0,0,0,0,E02H,0H,0,0,0,0,0,0,0
1,1,15,449,RTU015_YK00449,2#馈线保护1_过电流保护投退,E03H,0H,0,0,0,0,0,E03H,0H,0,0,0,0,0,0,0
1,1,15,450,RTU015_YK00450,2#馈线保护1_速断方向投退,E04H,0H,0,0,0,0,0,E04H,0H,0,0,0,0,0,0,0
1,1,15,451,RTU015_YK00451,2#馈线保护1_限时速断方向投退,E05H,0H,0,0,0,0,0,E05H,0H,0,0,0,0,0,0,0
1,1,15,452,RTU015_YK00452,2#馈线保护1_过电流方向投退,E06H,0H,0,0,0,0,0,E06H,0H,0,0,0,0,0,0,0
1,1,15,453,RTU015_YK00453,2#馈线保护1_速断复压闭锁投退,E07H,0H,0,0,0,0,0,E07H,0H,0,0,0,0,0,0,0
1,1,15,454,RTU015_YK00454,2#馈线保护1_限时速断复压闭锁投退,E08H,0H,0,0,0,0,0,E08H,0H,0,0,0,0,0,0,0
1,1,15,455,RTU015_YK00455,2#馈线保护1_过电流复压闭锁投退,E09H,0H,0,0,0,0,0,E09H,0H,0,0,0,0,0,0,0
1,1,15,456,RTU015_YK00456,2#馈线保护1_反时限过流投退,E0AH,0H,0,0,0,0,0,E0AH,0H,0,0,0,0,0,0,0
1,1,15,457,RTU015_YK00457,2#馈线保护1_零序过流I段投退,E0BH,0H,0,0,0,0,0,E0BH,0H,0,0,0,0,0,0,0
1,1,15,458,RTU015_YK00458,2#馈线保护1_零序过流II段投退,E0CH,0H,0,0,0,0,0,E0CH,0H,0,0,0,0,0,0,0
1,1,15,459,RTU015_YK00459,2#馈线保护1_零序过流III段告警投退,E0DH,0H,0,0,0,0,0,E0DH,0H,0,0,0,0,0,0,0
1,1,15,460,RTU015_YK00460,2#馈线保护1_零序过流III段保护投退,E0EH,0H,0,0,0,0,0,E0EH,0H,0,0,0,0,0,0,0
1,1,15,461,RTU015_YK00461,2#馈线保护1_零序过流I段方向投退,E0FH,0H,0,0,0,0,0,E0FH,0H,0,0,0,0,0,0,0
1,1,15,462,RTU015_YK00462,2#馈线保护1_零序过流II段方向投退,E10H,0H,0,0,0,0,0,E10H,0H,0,0,0,0,0,0,0
1,1,15,463,RTU015_YK00463,2#馈线保护1_零序过流III段方向投退,E11H,0H,0,0,0,0,0,E11H,0H,0,0,0,0,0,0,0
1,1,15,464,RTU015_YK00464,2#馈线保护1_零序电压闭锁零序过流I段投退,E12H,0H,0,0,0,0,0,E12H,0H,0,0,0,0,0,0,0
1,1,15,465,RTU015_YK00465,2#馈线保护1_零序电压闭锁零序过流II段投退,E13H,0H,0,0,0,0,0,E13H,0H,0,0,0,0,0,0,0
1,1,15,466,RTU015_YK00466,2#馈线保护1_零序电压闭锁零序过流III段投退,E14H,0H,0,0,0,0,0,E14H,0H,0,0,0,0,0,0,0
1,1,15,467,RTU015_YK00467,2#馈线保护1_零序过压告警投退,E15H,0H,0,0,0,0,0,E15H,0H,0,0,0,0,0,0,0
1,1,15,468,RTU015_YK00468,2#馈线保护1_零序过压跳闸投退,E16H,0H,0,0,0,0,0,E16H,0H,0,0,0,0,0,0,0
1,1,15,469,RTU015_YK00469,2#馈线保护1_过负荷告警投退,E17H,0H,0,0,0,0,0,E17H,0H,0,0,0,0,0,0,0
1,1,15,470,RTU015_YK00470,2#馈线保护1_过负荷跳闸投退,E18H,0H,0,0,0,0,0,E18H,0H,0,0,0,0,0,0,0
1,1,15,471,RTU015_YK00471,2#馈线保护1_低电压投退,E19H,0H,0,0,0,0,0,E19H,0H,0,0,0,0,0,0,0
1,1,15,472,RTU015_YK00472,2#馈线保护1_低频投退,E1AH,0H,0,0,0,0,0,E1AH,0H,0,0,0,0,0,0,0
1,1,15,473,RTU015_YK00473,2#馈线保护1_滑差闭锁投退,E1BH,0H,0,0,0,0,0,E1BH,0H,0,0,0,0,0,0,0
1,1,15,474,RTU015_YK00474,2#馈线保护1_保护启动重合闸投退,E1CH,0H,0,0,0,0,0,E1CH,0H,0,0,0,0,0,0,0
1,1,15,475,RTU015_YK00475,2#馈线保护1_不对应启动重合闸投退,E1DH,0H,0,0,0,0,0,E1DH,0H,0,0,0,0,0,0,0
1,1,15,476,RTU015_YK00476,2#馈线保护1_检同期投退,E1EH,0H,0,0,0,0,0,E1EH,0H,0,0,0,0,0,0,0
1,1,15,477,RTU015_YK00477,2#馈线保护1_检无压投退,E1FH,0H,0,0,0,0,0,E1FH,0H,0,0,0,0,0,0,0
1,1,15,478,RTU015_YK00478,2#馈线保护1_过流后加速投退,E20H,0H,0,0,0,0,0,E20H,0H,0,0,0,0,0,0,0
1,1,15,479,RTU015_YK00479,2#馈线保护1_零序过流后加速投退,E21H,0H,0,0,0,0,0,E21H,0H,0,0,0,0,0,0,0
1,1,15,480,RTU015_YK00480,2#馈线保护1_PT断线告警投退,E22H,0H,0,0,0,0,0,E22H,0H,0,0,0,0,0,0,0
1,1,15,481,RTU015_YK00481,2#馈线保护1_PT断线闭锁投退,E23H,0H,0,0,0,0,0,E23H,0H,0,0,0,0,0,0,0
1,1,15,482,RTU015_YK00482,2#馈线保护1_非电量1投退,E24H,0H,0,0,0,0,0,E24H,0H,0,0,0,0,0,0,0
1,1,15,483,RTU015_YK00483,2#馈线保护1_母充保护,E25H,0H,0,0,0,0,0,E25H,0H,0,0,0,0,0,0,0
1,1,15,484,RTU015_YK00484,2#馈线保护1_手动同期投退,E26H,0H,0,0,0,0,0,E26H,0H,0,0,0,0,0,0,0
1,1,15,485,RTU015_YK00485,2#馈线保护1_遥控同期投退,E27H,0H,0,0,0,0,0,E27H,0H,0,0,0,0,0,0,0
1,1,15,486,RTU015_YK00486,2#馈线保护1_控制回路断线告警投退,E28H,0H,0,0,0,0,0,E28H,0H,0,0,0,0,0,0,0
1,1,15,487,RTU015_YK00487,2#馈线保护1_逆功率保护投退,E29H,0H,0,0,0,0,0,E29H,0H,0,0,0,0,0,0,0
1,1,16,488,RTU016_YK00488,2#馈线保护2_遥控,C01H,0H,0,0,0,0,0,C01H,0H,0,0,0,0,0,0,0
1,1,16,489,RTU016_YK00489,2#馈线保护2_复归,1000H,0H,0,0,3,0,0,1000H,0H,0,0,0,0,0,0,0
1,1,16,490,RTU016_YK00490,2#馈线保护2_速断保护投退,E01H,0H,0,0,0,0,0,E01H,0H,0,0,0,0,0,0,0
1,1,16,491,RTU016_YK00491,2#馈线保护2_限时速断保护投退,E02H,0H,0,0,0,0,0,E02H,0H,0,0,0,0,0,0,0
1,1,16,492,RTU016_YK00492,2#馈线保护2_过电流保护投退,E03H,0H,0,0,0,0,0,E03H,0H,0,0,0,0,0,0,0
1,1,16,493,RTU016_YK00493,2#馈线保护2_速断方向投退,E04H,0H,0,0,0,0,0,E04H,0H,0,0,0,0,0,0,0
1,1,16,494,RTU016_YK00494,2#馈线保护2_限时速断方向投退,E05H,0H,0,0,0,0,0,E05H,0H,0,0,0,0,0,0,0
1,1,16,495,RTU016_YK00495,2#馈线保护2_过电流方向投退,E06H,0H,0,0,0,0,0,E06H,0H,0,0,0,0,0,0,0
1,1,16,496,RTU016_YK00496,2#馈线保护2_速断复压闭锁投退,E07H,0H,0,0,0,0,0,E07H,0H,0,0,0,0,0,0,0
1,1,16,497,RTU016_YK00497,2#馈线保护2_限时速断复压闭锁投退,E08H,0H,0,0,0,0,0,E08H,0H,0,0,0,0,0,0,0
1,1,16,498,RTU016_YK00498,2#馈线保护2_过电流复压闭锁投退,E09H,0H,0,0,0,0,0,E09H,0H,0,0,0,0,0,0,0
1,1,16,499,RTU016_YK00499,2#馈线保护2_反时限过流投退,E0AH,0H,0,0,0,0,0,E0AH,0H,0,0,0,0,0,0,0
1,1,16,500,RTU016_YK00500,2#馈线保护2_零序过流I段投退,E0BH,0H,0,0,0,0,0,E0BH,0H,0,0,0,0,0,0,0
1,1,16,501,RTU016_YK00501,2#馈线保护2_零序过流II段投退,E0CH,0H,0,0,0,0,0,E0CH,0H,0,0,0,0,0,0,0
1,1,16,502,RTU016_YK00502,2#馈线保护2_零序过流III段告警投退,E0DH,0H,0,0,0,0,0,E0DH,0H,0,0,0,0,0,0,0
1,1,16,503,RTU016_YK00503,2#馈线保护2_零序过流III段保护投退,E0EH,0H,0,0,0,0,0,E0EH,0H,0,0,0,0,0,0,0
1,1,16,504,RTU016_YK00504,2#馈线保护2_零序过流I段方向投退,E0FH,0H,0,0,0,0,0,E0FH,0H,0,0,0,0,0,0,0
1,1,16,505,RTU016_YK00505,2#馈线保护2_零序过流II段方向投退,E10H,0H,0,0,0,0,0,E10H,0H,0,0,0,0,0,0,0
1,1,16,506,RTU016_YK00506,2#馈线保护2_零序过流III段方向投退,E11H,0H,0,0,0,0,0,E11H,0H,0,0,0,0,0,0,0
1,1,16,507,RTU016_YK00507,2#馈线保护2_零序电压闭锁零序过流I段投退,E12H,0H,0,0,0,0,0,E12H,0H,0,0,0,0,0,0,0
1,1,16,508,RTU016_YK00508,2#馈线保护2_零序电压闭锁零序过流II段投退,E13H,0H,0,0,0,0,0,E13H,0H,0,0,0,0,0,0,0
1,1,16,509,RTU016_YK00509,2#馈线保护2_零序电压闭锁零序过流III段投退,E14H,0H,0,0,0,0,0,E14H,0H,0,0,0,0,0,0,0
1,1,16,510,RTU016_YK00510,2#馈线保护2_零序过压告警投退,E15H,0H,0,0,0,0,0,E15H,0H,0,0,0,0,0,0,0
1,1,16,511,RTU016_YK00511,2#馈线保护2_零序过压跳闸投退,E16H,0H,0,0,0,0,0,E16H,0H,0,0,0,0,0,0,0
1,1,16,512,RTU016_YK00512,2#馈线保护2_过负荷告警投退,E17H,0H,0,0,0,0,0,E17H,0H,0,0,0,0,0,0,0
1,1,16,513,RTU016_YK00513,2#馈线保护2_过负荷跳闸投退,E18H,0H,0,0,0,0,0,E18H,0H,0,0,0,0,0,0,0
1,1,16,514,RTU016_YK00514,2#馈线保护2_低电压投退,E19H,0H,0,0,0,0,0,E19H,0H,0,0,0,0,0,0,0
1,1,16,515,RTU016_YK00515,2#馈线保护2_低频投退,E1AH,0H,0,0,0,0,0,E1AH,0H,0,0,0,0,0,0,0
1,1,16,516,RTU016_YK00516,2#馈线保护2_滑差闭锁投退,E1BH,0H,0,0,0,0,0,E1BH,0H,0,0,0,0,0,0,0
1,1,16,517,RTU016_YK00517,2#馈线保护2_保护启动重合闸投退,E1CH,0H,0,0,0,0,0,E1CH,0H,0,0,0,0,0,0,0
1,1,16,518,RTU016_YK00518,2#馈线保护2_不对应启动重合闸投退,E1DH,0H,0,0,0,0,0,E1DH,0H,0,0,0,0,0,0,0
1,1,16,519,RTU016_YK00519,2#馈线保护2_检同期投退,E1EH,0H,0,0,0,0,0,E1EH,0H,0,0,0,0,0,0,0
1,1,16,520,RTU016_YK00520,2#馈线保护2_检无压投退,E1FH,0H,0,0,0,0,0,E1FH,0H,0,0,0,0,0,0,0
1,1,16,521,RTU016_YK00521,2#馈线保护2_过流后加速投退,E20H,0H,0,0,0,0,0,E20H,0H,0,0,0,0,0,0,0
1,1,16,522,RTU016_YK00522,2#馈线保护2_零序过流后加速投退,E21H,0H,0,0,0,0,0,E21H,0H,0,0,0,0,0,0,0
1,1,16,523,RTU016_YK00523,2#馈线保护2_PT断线告警投退,E22H,0H,0,0,0,0,0,E22H,0H,0,0,0,0,0,0,0
1,1,16,524,RTU016_YK00524,2#馈线保护2_PT断线闭锁投退,E23H,0H,0,0,0,0,0,E23H,0H,0,0,0,0,0,0,0
1,1,16,525,RTU016_YK00525,2#馈线保护2_非电量1投退,E24H,0H,0,0,0,0,0,E24H,0H,0,0,0,0,0,0,0
1,1,16,526,RTU016_YK00526,2#馈线保护2_母充保护,E25H,0H,0,0,0,0,0,E25H,0H,0,0,0,0,0,0,0
1,1,16,527,RTU016_YK00527,2#馈线保护2_手动同期投退,E26H,0H,0,0,0,0,0,E26H,0H,0,0,0,0,0,0,0
1,1,16,528,RTU016_YK00528,2#馈线保护2_遥控同期投退,E27H,0H,0,0,0,0,0,E27H,0H,0,0,0,0,0,0,0
1,1,16,529,RTU016_YK00529,2#馈线保护2_控制回路断线告警投退,E28H,0H,0,0,0,0,0,E28H,0H,0,0,0,0,0,0,0
1,1,16,530,RTU016_YK00530,2#馈线保护2_逆功率保护投退,E29H,0H,0,0,0,0,0,E29H,0H,0,0,0,0,0,0,0
1,1,17,531,RTU017_YK00531,2#馈线保护3_遥控,C01H,0H,0,0,0,0,0,C01H,0H,0,0,0,0,0,0,0
1,1,17,532,RTU017_YK00532,2#馈线保护3_复归,1000H,0H,0,0,3,0,0,1000H,0H,0,0,0,0,0,0,0
1,1,17,533,RTU017_YK00533,2#馈线保护3_速断保护投退,E01H,0H,0,0,0,0,0,E01H,0H,0,0,0,0,0,0,0
1,1,17,534,RTU017_YK00534,2#馈线保护3_限时速断保护投退,E02H,0H,0,0,0,0,0,E02H,0H,0,0,0,0,0,0,0
1,1,17,535,RTU017_YK00535,2#馈线保护3_过电流保护投退,E03H,0H,0,0,0,0,0,E03H,0H,0,0,0,0,0,0,0
1,1,17,536,RTU017_YK00536,2#馈线保护3_速断方向投退,E04H,0H,0,0,0,0,0,E04H,0H,0,0,0,0,0,0,0
1,1,17,537,RTU017_YK00537,2#馈线保护3_限时速断方向投退,E05H,0H,0,0,0,0,0,E05H,0H,0,0,0,0,0,0,0
1,1,17,538,RTU017_YK00538,2#馈线保护3_过电流方向投退,E06H,0H,0,0,0,0,0,E06H,0H,0,0,0,0,0,0,0
1,1,17,539,RTU017_YK00539,2#馈线保护3_速断复压闭锁投退,E07H,0H,0,0,0,0,0,E07H,0H,0,0,0,0,0,0,0
1,1,17,540,RTU017_YK00540,2#馈线保护3_限时速断复压闭锁投退,E08H,0H,0,0,0,0,0,E08H,0H,0,0,0,0,0,0,0
1,1,17,541,RTU017_YK00541,2#馈线保护3_过电流复压闭锁投退,E09H,0H,0,0,0,0,0,E09H,0H,0,0,0,0,0,0,0
1,1,17,542,RTU017_YK00542,2#馈线保护3_反时限过流投退,E0AH,0H,0,0,0,0,0,E0AH,0H,0,0,0,0,0,0,0
1,1,17,543,RTU017_YK00543,2#馈线保护3_零序过流I段投退,E0BH,0H,0,0,0,0,0,E0BH,0H,0,0,0,0,0,0,0
1,1,17,544,RTU017_YK00544,2#馈线保护3_零序过流II段投退,E0CH,0H,0,0,0,0,0,E0CH,0H,0,0,0,0,0,0,0
1,1,17,545,RTU017_YK00545,2#馈线保护3_零序过流III段告警投退,E0DH,0H,0,0,0,0,0,E0DH,0H,0,0,0,0,0,0,0
1,1,17,546,RTU017_YK00546,2#馈线保护3_零序过流III段保护投退,E0EH,0H,0,0,0,0,0,E0EH,0H,0,0,0,0,0,0,0
1,1,17,547,RTU017_YK00547,2#馈线保护3_零序过流I段方向投退,E0FH,0H,0,0,0,0,0,E0FH,0H,0,0,0,0,0,0,0
1,1,17,548,RTU017_YK00548,2#馈线保护3_零序过流II段方向投退,E10H,0H,0,0,0,0,0,E10H,0H,0,0,0,0,0,0,0
1,1,17,549,RTU017_YK00549,2#馈线保护3_零序过流III段方向投退,E11H,0H,0,0,0,0,0,E11H,0H,0,0,0,0,0,0,0
1,1,17,550,RTU017_YK00550,2#馈线保护3_零序电压闭锁零序过流I段投退,E12H,0H,0,0,0,0,0,E12H,0H,0,0,0,0,0,0,0
1,1,17,551,RTU017_YK00551,2#馈线保护3_零序电压闭锁零序过流II段投退,E13H,0H,0,0,0,0,0,E13H,0H,0,0,0,0,0,0,0
1,1,17,552,RTU017_YK00552,2#馈线保护3_零序电压闭锁零序过流III段投退,E14H,0H,0,0,0,0,0,E14H,0H,0,0,0,0,0,0,0
1,1,17,553,RTU017_YK00553,2#馈线保护3_零序过压告警投退,E15H,0H,0,0,0,0,0,E15H,0H,0,0,0,0,0,0,0
1,1,17,554,RTU017_YK00554,2#馈线保护3_零序过压跳闸投退,E16H,0H,0,0,0,0,0,E16H,0H,0,0,0,0,0,0,0
1,1,17,555,RTU017_YK00555,2#馈线保护3_过负荷告警投退,E17H,0H,0,0,0,0,0,E17H,0H,0,0,0,0,0,0,0
1,1,17,556,RTU017_YK00556,2#馈线保护3_过负荷跳闸投退,E18H,0H,0,0,0,0,0,E18H,0H,0,0,0,0,0,0,0
1,1,17,557,RTU017_YK00557,2#馈线保护3_低电压投退,E19H,0H,0,0,0,0,0,E19H,0H,0,0,0,0,0,0,0
1,1,17,558,RTU017_YK00558,2#馈线保护3_低频投退,E1AH,0H,0,0,0,0,0,E1AH,0H,0,0,0,0,0,0,0
1,1,17,559,RTU017_YK00559,2#馈线保护3_滑差闭锁投退,E1BH,0H,0,0,0,0,0,E1BH,0H,0,0,0,0,0,0,0
1,1,17,560,RTU017_YK00560,2#馈线保护3_保护启动重合闸投退,E1CH,0H,0,0,0,0,0,E1CH,0H,0,0,0,0,0,0,0
1,1,17,561,RTU017_YK00561,2#馈线保护3_不对应启动重合闸投退,E1DH,0H,0,0,0,0,0,E1DH,0H,0,0,0,0,0,0,0
1,1,17,562,RTU017_YK00562,2#馈线保护3_检同期投退,E1EH,0H,0,0,0,0,0,E1EH,0H,0,0,0,0,0,0,0
1,1,17,563,RTU017_YK00563,2#馈线保护3_检无压投退,E1FH,0H,0,0,0,0,0,E1FH,0H,0,0,0,0,0,0,0
1,1,17,564,RTU017_YK00564,2#馈线保护3_过流后加速投退,E20H,0H,0,0,0,0,0,E20H,0H,0,0,0,0,0,0,0
1,1,17,565,RTU017_YK00565,2#馈线保护3_零序过流后加速投退,E21H,0H,0,0,0,0,0,E21H,0H,0,0,0,0,0,0,0
1,1,17,566,RTU017_YK00566,2#馈线保护3_PT断线告警投退,E22H,0H,0,0,0,0,0,E22H,0H,0,0,0,0,0,0,0
1,1,17,567,RTU017_YK00567,2#馈线保护3_PT断线闭锁投退,E23H,0H,0,0,0,0,0,E23H,0H,0,0,0,0,0,0,0
1,1,17,568,RTU017_YK00568,2#馈线保护3_非电量1投退,E24H,0H,0,0,0,0,0,E24H,0H,0,0,0,0,0,0,0
1,1,17,569,RTU017_YK00569,2#馈线保护3_母充保护,E25H,0H,0,0,0,0,0,E25H,0H,0,0,0,0,0,0,0
1,1,17,570,RTU017_YK00570,2#馈线保护3_手动同期投退,E26H,0H,0,0,0,0,0,E26H,0H,0,0,0,0,0,0,0
1,1,17,571,RTU017_YK00571,2#馈线保护3_遥控同期投退,E27H,0H,0,0,0,0,0,E27H,0H,0,0,0,0,0,0,0
1,1,17,572,RTU017_YK00572,2#馈线保护3_控制回路断线告警投退,E28H,0H,0,0,0,0,0,E28H,0H,0,0,0,0,0,0,0
1,1,17,573,RTU017_YK00573,2#馈线保护3_逆功率保护投退,E29H,0H,0,0,0,0,0,E29H,0H,0,0,0,0,0,0,0
1,4,18,574,YK00001,遥控,C01H,C01H,0,0,0,0,0,C01H,C01H,0,0,0,0,0,0,0
1,4,18,575,YK00002,复归,1000H,1000H,0,0,3,0,0,1000H,1000H,0,0,0,0,0,0,0
1,4,18,576,YK00003,速断保护投退,E01H,E01H,0,0,0,0,0,E01H,E01H,0,0,0,0,0,0,0
1,4,18,577,YK00004,限时速断保护投退,E02H,E02H,0,0,0,0,0,E02H,E02H,0,0,0,0,0,0,0
1,4,18,578,YK00005,过电流保护投退,E03H,E03H,0,0,0,0,0,E03H,E03H,0,0,0,0,0,0,0
1,4,18,579,YK00006,速断方向投退,E04H,E04H,0,0,0,0,0,E04H,E04H,0,0,0,0,0,0,0
1,4,18,580,YK00007,限时速断方向投退,E05H,E05H,0,0,0,0,0,E05H,E05H,0,0,0,0,0,0,0
1,4,18,581,YK00008,过电流方向投退,E06H,E06H,0,0,0,0,0,E06H,E06H,0,0,0,0,0,0,0
1,4,18,582,YK00009,过电流反方向投退,E07H,E07H,0,0,0,0,0,E07H,E07H,0,0,0,0,0,0,0
1,4,18,583,YK00010,速断复压闭锁投退,E08H,E08H,0,0,0,0,0,E08H,E08H,0,0,0,0,0,0,0
1,4,18,584,YK00011,限时速断复压闭锁投退,E09H,E09H,0,0,0,0,0,E09H,E09H,0,0,0,0,0,0,0
1,4,18,585,YK00012,过电流复压闭锁投退,E0AH,E0AH,0,0,0,0,0,E0AH,E0AH,0,0,0,0,0,0,0
1,4,18,586,YK00013,反时限过流投退,E0BH,E0BH,0,0,0,0,0,E0BH,E0BH,0,0,0,0,0,0,0
1,4,18,587,YK00014,零序过流I段投退,E0CH,E0CH,0,0,0,0,0,E0CH,E0CH,0,0,0,0,0,0,0
1,4,18,588,YK00015,零序过流II段投退,E0DH,E0DH,0,0,0,0,0,E0DH,E0DH,0,0,0,0,0,0,0
1,4,18,589,YK00016,零序过流III段告警投退,E0EH,E0EH,0,0,0,0,0,E0EH,E0EH,0,0,0,0,0,0,0
1,4,18,590,YK00017,零序过流III段保护投退,E0FH,E0FH,0,0,0,0,0,E0FH,E0FH,0,0,0,0,0,0,0
1,4,18,591,YK00018,零序过流I段方向投退,E10H,E10H,0,0,0,0,0,E10H,E10H,0,0,0,0,0,0,0
1,4,18,592,YK00019,零序过流II段方向投退,E11H,E11H,0,0,0,0,0,E11H,E11H,0,0,0,0,0,0,0
1,4,18,593,YK00020,零序过流III段方向投退,E12H,E12H,0,0,0,0,0,E12H,E12H,0,0,0,0,0,0,0
1,4,18,594,YK00021,零序电压闭锁零序过流I段投退,E13H,E13H,0,0,0,0,0,E13H,E13H,0,0,0,0,0,0,0
1,4,18,595,YK00022,零序电压闭锁零序过流II段投退,E14H,E14H,0,0,0,0,0,E14H,E14H,0,0,0,0,0,0,0
1,4,18,596,YK00023,零序电压闭锁零序过流III段投退,E15H,E15H,0,0,0,0,0,E15H,E15H,0,0,0,0,0,0,0
1,4,18,597,YK00024,零序过压告警投退,E16H,E16H,0,0,0,0,0,E16H,E16H,0,0,0,0,0,0,0
1,4,18,598,YK00025,零序过压跳闸投退,E17H,E17H,0,0,0,0,0,E17H,E17H,0,0,0,0,0,0,0
1,4,18,599,YK00026,过负荷告警投退,E18H,E18H,0,0,0,0,0,E18H,E18H,0,0,0,0,0,0,0
1,4,18,600,YK00027,过负荷跳闸投退,E19H,E19H,0,0,0,0,0,E19H,E19H,0,0,0,0,0,0,0
1,4,18,601,YK00028,低电压投退,E1AH,E1AH,0,0,0,0,0,E1AH,E1AH,0,0,0,0,0,0,0
1,4,18,602,YK00029,低频投退,E1BH,E1BH,0,0,0,0,0,E1BH,E1BH,0,0,0,0,0,0,0
1,4,18,603,YK00030,滑差闭锁投退,E1CH,E1CH,0,0,0,0,0,E1CH,E1CH,0,0,0,0,0,0,0
1,4,18,604,YK00031,保护启动重合闸投退,E1DH,E1DH,0,0,0,0,0,E1DH,E1DH,0,0,0,0,0,0,0
1,4,18,605,YK00032,不对应启动重合闸投退,E1EH,E1EH,0,0,0,0,0,E1EH,E1EH,0,0,0,0,0,0,0
1,4,18,606,YK00033,重合闸检同期投退,E1FH,E1FH,0,0,0,0,0,E1FH,E1FH,0,0,0,0,0,0,0
1,4,18,607,YK00034,重合闸检无压投退,E20H,E20H,0,0,0,0,0,E20H,E20H,0,0,0,0,0,0,0
1,4,18,608,YK00035,过流后加速投退,E21H,E21H,0,0,0,0,0,E21H,E21H,0,0,0,0,0,0,0
1,4,18,609,YK00036,零序过流后加速投退,E22H,E22H,0,0,0,0,0,E22H,E22H,0,0,0,0,0,0,0
1,4,18,610,YK00037,PT断线告警投退,E23H,E23H,0,0,0,0,0,E23H,E23H,0,0,0,0,0,0,0
1,4,18,611,YK00038,PT断线闭锁投退,E24H,E24H,0,0,0,0,0,E24H,E24H,0,0,0,0,0,0,0
1,4,18,612,YK00039,非电量1投退,E25H,E25H,0,0,0,0,0,E25H,E25H,0,0,0,0,0,0,0
1,4,18,613,YK00040,非电量2投退,E26H,E26H,0,0,0,0,0,E26H,E26H,0,0,0,0,0,0,0
1,4,18,614,YK00041,母充保护投退,E27H,E27H,0,0,0,0,0,E27H,E27H,0,0,0,0,0,0,0
1,4,18,615,YK00042,手动同期合闸投退,E28H,E28H,0,0,0,0,0,E28H,E28H,0,0,0,0,0,0,0
1,4,18,616,YK00043,遥控同期合闸投退,E29H,E29H,0,0,0,0,0,E29H,E29H,0,0,0,0,0,0,0
1,4,18,617,YK00044,逆功率投退,E2AH,E2AH,0,0,0,0,0,E2AH,E2AH,0,0,0,0,0,0,0
1,4,18,618,YK00045,控制回路断线投退,E2BH,E2BH,0,0,0,0,0,E2BH,E2BH,0,0,0,0,0,0,0
1,4,19,619,YK00046,遥控,C01H,C01H,0,0,0,0,0,C01H,C01H,0,0,0,0,0,0,0
1,4,19,620,YK00047,复归,1000H,1000H,0,0,3,0,0,1000H,1000H,0,0,0,0,0,0,0
1,4,19,621,YK00048,速断保护投退,E01H,E01H,0,0,0,0,0,E01H,E01H,0,0,0,0,0,0,0
1,4,19,622,YK00049,限时速断保护投退,E02H,E02H,0,0,0,0,0,E02H,E02H,0,0,0,0,0,0,0
1,4,19,623,YK00050,过电流保护投退,E03H,E03H,0,0,0,0,0,E03H,E03H,0,0,0,0,0,0,0
1,4,19,624,YK00051,速断方向投退,E04H,E04H,0,0,0,0,0,E04H,E04H,0,0,0,0,0,0,0
1,4,19,625,YK00052,限时速断方向投退,E05H,E05H,0,0,0,0,0,E05H,E05H,0,0,0,0,0,0,0
1,4,19,626,YK00053,过电流方向投退,E06H,E06H,0,0,0,0,0,E06H,E06H,0,0,0,0,0,0,0
1,4,19,627,YK00054,过电流反方向投退,E07H,E07H,0,0,0,0,0,E07H,E07H,0,0,0,0,0,0,0
1,4,19,628,YK00055,速断复压闭锁投退,E08H,E08H,0,0,0,0,0,E08H,E08H,0,0,0,0,0,0,0
1,4,19,629,YK00056,限时速断复压闭锁投退,E09H,E09H,0,0,0,0,0,E09H,E09H,0,0,0,0,0,0,0
1,4,19,630,YK00057,过电流复压闭锁投退,E0AH,E0AH,0,0,0,0,0,E0AH,E0AH,0,0,0,0,0,0,0
1,4,19,631,YK00058,反时限过流投退,E0BH,E0BH,0,0,0,0,0,E0BH,E0BH,0,0,0,0,0,0,0
1,4,19,632,YK00059,零序过流I段投退,E0CH,E0CH,0,0,0,0,0,E0CH,E0CH,0,0,0,0,0,0,0
1,4,19,633,YK00060,零序过流II段投退,E0DH,E0DH,0,0,0,0,0,E0DH,E0DH,0,0,0,0,0,0,0
1,4,19,634,YK00061,零序过流III段告警投退,E0EH,E0EH,0,0,0,0,0,E0EH,E0EH,0,0,0,0,0,0,0
1,4,19,635,YK00062,零序过流III段保护投退,E0FH,E0FH,0,0,0,0,0,E0FH,E0FH,0,0,0,0,0,0,0
1,4,19,636,YK00063,零序过流I段方向投退,E10H,E10H,0,0,0,0,0,E10H,E10H,0,0,0,0,0,0,0
1,4,19,637,YK00064,零序过流II段方向投退,E11H,E11H,0,0,0,0,0,E11H,E11H,0,0,0,0,0,0,0
1,4,19,638,YK00065,零序过流III段方向投退,E12H,E12H,0,0,0,0,0,E12H,E12H,0,0,0,0,0,0,0
1,4,19,639,YK00066,零序电压闭锁零序过流I段投退,E13H,E13H,0,0,0,0,0,E13H,E13H,0,0,0,0,0,0,0
1,4,19,640,YK00067,零序电压闭锁零序过流II段投退,E14H,E14H,0,0,0,0,0,E14H,E14H,0,0,0,0,0,0,0
1,4,19,641,YK00068,零序电压闭锁零序过流III段投退,E15H,E15H,0,0,0,0,0,E15H,E15H,0,0,0,0,0,0,0
1,4,19,642,YK00069,零序过压告警投退,E16H,E16H,0,0,0,0,0,E16H,E16H,0,0,0,0,0,0,0
1,4,19,643,YK00070,零序过压跳闸投退,E17H,E17H,0,0,0,0,0,E17H,E17H,0,0,0,0,0,0,0
1,4,19,644,YK00071,过负荷告警投退,E18H,E18H,0,0,0,0,0,E18H,E18H,0,0,0,0,0,0,0
1,4,19,645,YK00072,过负荷跳闸投退,E19H,E19H,0,0,0,0,0,E19H,E19H,0,0,0,0,0,0,0
1,4,19,646,YK00073,低电压投退,E1AH,E1AH,0,0,0,0,0,E1AH,E1AH,0,0,0,0,0,0,0
1,4,19,647,YK00074,低频投退,E1BH,E1BH,0,0,0,0,0,E1BH,E1BH,0,0,0,0,0,0,0
1,4,19,648,YK00075,滑差闭锁投退,E1CH,E1CH,0,0,0,0,0,E1CH,E1CH,0,0,0,0,0,0,0
1,4,19,649,YK00076,保护启动重合闸投退,E1DH,E1DH,0,0,0,0,0,E1DH,E1DH,0,0,0,0,0,0,0
1,4,19,650,YK00077,不对应启动重合闸投退,E1EH,E1EH,0,0,0,0,0,E1EH,E1EH,0,0,0,0,0,0,0
1,4,19,651,YK00078,重合闸检同期投退,E1FH,E1FH,0,0,0,0,0,E1FH,E1FH,0,0,0,0,0,0,0
1,4,19,652,YK00079,重合闸检无压投退,E20H,E20H,0,0,0,0,0,E20H,E20H,0,0,0,0,0,0,0
1,4,19,653,YK00080,过流后加速投退,E21H,E21H,0,0,0,0,0,E21H,E21H,0,0,0,0,0,0,0
1,4,19,654,YK00081,零序过流后加速投退,E22H,E22H,0,0,0,0,0,E22H,E22H,0,0,0,0,0,0,0
1,4,19,655,YK00082,PT断线告警投退,E23H,E23H,0,0,0,0,0,E23H,E23H,0,0,0,0,0,0,0
1,4,19,656,YK00083,PT断线闭锁投退,E24H,E24H,0,0,0,0,0,E24H,E24H,0,0,0,0,0,0,0
1,4,19,657,YK00084,非电量1投退,E25H,E25H,0,0,0,0,0,E25H,E25H,0,0,0,0,0,0,0
1,4,19,658,YK00085,非电量2投退,E26H,E26H,0,0,0,0,0,E26H,E26H,0,0,0,0,0,0,0
1,4,19,659,YK00086,母充保护投退,E27H,E27H,0,0,0,0,0,E27H,E27H,0,0,0,0,0,0,0
1,4,19,660,YK00087,手动同期合闸投退,E28H,E28H,0,0,0,0,0,E28H,E28H,0,0,0,0,0,0,0
1,4,19,661,YK00088,遥控同期合闸投退,E29H,E29H,0,0,0,0,0,E29H,E29H,0,0,0,0,0,0,0
1,4,19,662,YK00089,逆功率投退,E2AH,E2AH,0,0,0,0,0,E2AH,E2AH,0,0,0,0,0,0,0
1,4,19,663,YK00090,控制回路断线投退,E2BH,E2BH,0,0,0,0,0,E2BH,E2BH,0,0,0,0,0,0,0
1,4,20,664,YK00091,遥控,C01H,C01H,0,0,0,0,0,C01H,C01H,0,0,0,0,0,0,0
1,4,20,665,YK00092,复归,1000H,1000H,0,0,3,0,0,1000H,1000H,0,0,0,0,0,0,0
1,4,20,666,YK00093,速断保护投退,E01H,E01H,0,0,0,0,0,E01H,E01H,0,0,0,0,0,0,0
1,4,20,667,YK00094,限时速断保护投退,E02H,E02H,0,0,0,0,0,E02H,E02H,0,0,0,0,0,0,0
1,4,20,668,YK00095,过电流保护投退,E03H,E03H,0,0,0,0,0,E03H,E03H,0,0,0,0,0,0,0
1,4,20,669,YK00096,速断方向投退,E04H,E04H,0,0,0,0,0,E04H,E04H,0,0,0,0,0,0,0
1,4,20,670,YK00097,限时速断方向投退,E05H,E05H,0,0,0,0,0,E05H,E05H,0,0,0,0,0,0,0
1,4,20,671,YK00098,过电流方向投退,E06H,E06H,0,0,0,0,0,E06H,E06H,0,0,0,0,0,0,0
1,4,20,672,YK00099,过电流反方向投退,E07H,E07H,0,0,0,0,0,E07H,E07H,0,0,0,0,0,0,0
1,4,20,673,YK00100,速断复压闭锁投退,E08H,E08H,0,0,0,0,0,E08H,E08H,0,0,0,0,0,0,0
1,4,20,674,YK00101,限时速断复压闭锁投退,E09H,E09H,0,0,0,0,0,E09H,E09H,0,0,0,0,0,0,0
1,4,20,675,YK00102,过电流复压闭锁投退,E0AH,E0AH,0,0,0,0,0,E0AH,E0AH,0,0,0,0,0,0,0
1,4,20,676,YK00103,反时限过流投退,E0BH,E0BH,0,0,0,0,0,E0BH,E0BH,0,0,0,0,0,0,0
1,4,20,677,YK00104,零序过流I段投退,E0CH,E0CH,0,0,0,0,0,E0CH,E0CH,0,0,0,0,0,0,0
1,4,20,678,YK00105,零序过流II段投退,E0DH,E0DH,0,0,0,0,0,E0DH,E0DH,0,0,0,0,0,0,0
1,4,20,679,YK00106,零序过流III段告警投退,E0EH,E0EH,0,0,0,0,0,E0EH,E0EH,0,0,0,0,0,0,0
1,4,20,680,YK00107,零序过流III段保护投退,E0FH,E0FH,0,0,0,0,0,E0FH,E0FH,0,0,0,0,0,0,0
1,4,20,681,YK00108,零序过流I段方向投退,E10H,E10H,0,0,0,0,0,E10H,E10H,0,0,0,0,0,0,0
1,4,20,682,YK00109,零序过流II段方向投退,E11H,E11H,0,0,0,0,0,E11H,E11H,0,0,0,0,0,0,0
1,4,20,683,YK00110,零序过流III段方向投退,E12H,E12H,0,0,0,0,0,E12H,E12H,0,0,0,0,0,0,0
1,4,20,684,YK00111,零序电压闭锁零序过流I段投退,E13H,E13H,0,0,0,0,0,E13H,E13H,0,0,0,0,0,0,0
1,4,20,685,YK00112,零序电压闭锁零序过流II段投退,E14H,E14H,0,0,0,0,0,E14H,E14H,0,0,0,0,0,0,0
1,4,20,686,YK00113,零序电压闭锁零序过流III段投退,E15H,E15H,0,0,0,0,0,E15H,E15H,0,0,0,0,0,0,0
1,4,20,687,YK00114,零序过压告警投退,E16H,E16H,0,0,0,0,0,E16H,E16H,0,0,0,0,0,0,0
1,4,20,688,YK00115,零序过压跳闸投退,E17H,E17H,0,0,0,0,0,E17H,E17H,0,0,0,0,0,0,0
1,4,20,689,YK00116,过负荷告警投退,E18H,E18H,0,0,0,0,0,E18H,E18H,0,0,0,0,0,0,0
1,4,20,690,YK00117,过负荷跳闸投退,E19H,E19H,0,0,0,0,0,E19H,E19H,0,0,0,0,0,0,0
1,4,20,691,YK00118,低电压投退,E1AH,E1AH,0,0,0,0,0,E1AH,E1AH,0,0,0,0,0,0,0
1,4,20,692,YK00119,低频投退,E1BH,E1BH,0,0,0,0,0,E1BH,E1BH,0,0,0,0,0,0,0
1,4,20,693,YK00120,滑差闭锁投退,E1CH,E1CH,0,0,0,0,0,E1CH,E1CH,0,0,0,0,0,0,0
1,4,20,694,YK00121,保护启动重合闸投退,E1DH,E1DH,0,0,0,0,0,E1DH,E1DH,0,0,0,0,0,0,0
1,4,20,695,YK00122,不对应启动重合闸投退,E1EH,E1EH,0,0,0,0,0,E1EH,E1EH,0,0,0,0,0,0,0
1,4,20,696,YK00123,重合闸检同期投退,E1FH,E1FH,0,0,0,0,0,E1FH,E1FH,0,0,0,0,0,0,0
1,4,20,697,YK00124,重合闸检无压投退,E20H,E20H,0,0,0,0,0,E20H,E20H,0,0,0,0,0,0,0
1,4,20,698,YK00125,过流后加速投退,E21H,E21H,0,0,0,0,0,E21H,E21H,0,0,0,0,0,0,0
1,4,20,699,YK00126,零序过流后加速投退,E22H,E22H,0,0,0,0,0,E22H,E22H,0,0,0,0,0,0,0
1,4,20,700,YK00127,PT断线告警投退,E23H,E23H,0,0,0,0,0,E23H,E23H,0,0,0,0,0,0,0
1,4,20,701,YK00128,PT断线闭锁投退,E24H,E24H,0,0,0,0,0,E24H,E24H,0,0,0,0,0,0,0
1,4,20,702,YK00129,非电量1投退,E25H,E25H,0,0,0,0,0,E25H,E25H,0,0,0,0,0,0,0
1,4,20,703,YK00130,非电量2投退,E26H,E26H,0,0,0,0,0,E26H,E26H,0,0,0,0,0,0,0
1,4,20,704,YK00131,母充保护投退,E27H,E27H,0,0,0,0,0,E27H,E27H,0,0,0,0,0,0,0
1,4,20,705,YK00132,手动同期合闸投退,E28H,E28H,0,0,0,0,0,E28H,E28H,0,0,0,0,0,0,0
1,4,20,706,YK00133,遥控同期合闸投退,E29H,E29H,0,0,0,0,0,E29H,E29H,0,0,0,0,0,0,0
1,4,20,707,YK00134,逆功率投退,E2AH,E2AH,0,0,0,0,0,E2AH,E2AH,0,0,0,0,0,0,0
1,4,20,708,YK00135,控制回路断线投退,E2BH,E2BH,0,0,0,0,0,E2BH,E2BH,0,0,0,0,0,0,0
1,4,21,709,YK00136,遥控,C01H,C01H,0,0,0,0,0,C01H,C01H,0,0,0,0,0,0,0
1,4,21,710,YK00137,复归,1000H,1000H,0,0,3,0,0,1000H,1000H,0,0,0,0,0,0,0
1,4,21,711,YK00138,速断保护投退,E01H,E01H,0,0,0,0,0,E01H,E01H,0,0,0,0,0,0,0
1,4,21,712,YK00139,限时速断保护投退,E02H,E02H,0,0,0,0,0,E02H,E02H,0,0,0,0,0,0,0
1,4,21,713,YK00140,过电流保护投退,E03H,E03H,0,0,0,0,0,E03H,E03H,0,0,0,0,0,0,0
1,4,21,714,YK00141,速断方向投退,E04H,E04H,0,0,0,0,0,E04H,E04H,0,0,0,0,0,0,0
1,4,21,715,YK00142,限时速断方向投退,E05H,E05H,0,0,0,0,0,E05H,E05H,0,0,0,0,0,0,0
1,4,21,716,YK00143,过电流方向投退,E06H,E06H,0,0,0,0,0,E06H,E06H,0,0,0,0,0,0,0
1,4,21,717,YK00144,过电流反方向投退,E07H,E07H,0,0,0,0,0,E07H,E07H,0,0,0,0,0,0,0
1,4,21,718,YK00145,速断复压闭锁投退,E08H,E08H,0,0,0,0,0,E08H,E08H,0,0,0,0,0,0,0
1,4,21,719,YK00146,限时速断复压闭锁投退,E09H,E09H,0,0,0,0,0,E09H,E09H,0,0,0,0,0,0,0
1,4,21,720,YK00147,过电流复压闭锁投退,E0AH,E0AH,0,0,0,0,0,E0AH,E0AH,0,0,0,0,0,0,0
1,4,21,721,YK00148,反时限过流投退,E0BH,E0BH,0,0,0,0,0,E0BH,E0BH,0,0,0,0,0,0,0
1,4,21,722,YK00149,零序过流I段投退,E0CH,E0CH,0,0,0,0,0,E0CH,E0CH,0,0,0,0,0,0,0
1,4,21,723,YK00150,零序过流II段投退,E0DH,E0DH,0,0,0,0,0,E0DH,E0DH,0,0,0,0,0,0,0
1,4,21,724,YK00151,零序过流III段告警投退,E0EH,E0EH,0,0,0,0,0,E0EH,E0EH,0,0,0,0,0,0,0
1,4,21,725,YK00152,零序过流III段保护投退,E0FH,E0FH,0,0,0,0,0,E0FH,E0FH,0,0,0,0,0,0,0
1,4,21,726,YK00153,零序过流I段方向投退,E10H,E10H,0,0,0,0,0,E10H,E10H,0,0,0,0,0,0,0
1,4,21,727,YK00154,零序过流II段方向投退,E11H,E11H,0,0,0,0,0,E11H,E11H,0,0,0,0,0,0,0
1,4,21,728,YK00155,零序过流III段方向投退,E12H,E12H,0,0,0,0,0,E12H,E12H,0,0,0,0,0,0,0
1,4,21,729,YK00156,零序电压闭锁零序过流I段投退,E13H,E13H,0,0,0,0,0,E13H,E13H,0,0,0,0,0,0,0
1,4,21,730,YK00157,零序电压闭锁零序过流II段投退,E14H,E14H,0,0,0,0,0,E14H,E14H,0,0,0,0,0,0,0
1,4,21,731,YK00158,零序电压闭锁零序过流III段投退,E15H,E15H,0,0,0,0,0,E15H,E15H,0,0,0,0,0,0,0
1,4,21,732,YK00159,零序过压告警投退,E16H,E16H,0,0,0,0,0,E16H,E16H,0,0,0,0,0,0,0
1,4,21,733,YK00160,零序过压跳闸投退,E17H,E17H,0,0,0,0,0,E17H,E17H,0,0,0,0,0,0,0
1,4,21,734,YK00161,过负荷告警投退,E18H,E18H,0,0,0,0,0,E18H,E18H,0,0,0,0,0,0,0
1,4,21,735,YK00162,过负荷跳闸投退,E19H,E19H,0,0,0,0,0,E19H,E19H,0,0,0,0,0,0,0
1,4,21,736,YK00163,低电压投退,E1AH,E1AH,0,0,0,0,0,E1AH,E1AH,0,0,0,0,0,0,0
1,4,21,737,YK00164,低频投退,E1BH,E1BH,0,0,0,0,0,E1BH,E1BH,0,0,0,0,0,0,0
1,4,21,738,YK00165,滑差闭锁投退,E1CH,E1CH,0,0,0,0,0,E1CH,E1CH,0,0,0,0,0,0,0
1,4,21,739,YK00166,保护启动重合闸投退,E1DH,E1DH,0,0,0,0,0,E1DH,E1DH,0,0,0,0,0,0,0
1,4,21,740,YK00167,不对应启动重合闸投退,E1EH,E1EH,0,0,0,0,0,E1EH,E1EH,0,0,0,0,0,0,0
1,4,21,741,YK00168,重合闸检同期投退,E1FH,E1FH,0,0,0,0,0,E1FH,E1FH,0,0,0,0,0,0,0
1,4,21,742,YK00169,重合闸检无压投退,E20H,E20H,0,0,0,0,0,E20H,E20H,0,0,0,0,0,0,0
1,4,21,743,YK00170,过流后加速投退,E21H,E21H,0,0,0,0,0,E21H,E21H,0,0,0,0,0,0,0
1,4,21,744,YK00171,零序过流后加速投退,E22H,E22H,0,0,0,0,0,E22H,E22H,0,0,0,0,0,0,0
1,4,21,745,YK00172,PT断线告警投退,E23H,E23H,0,0,0,0,0,E23H,E23H,0,0,0,0,0,0,0
1,4,21,746,YK00173,PT断线闭锁投退,E24H,E24H,0,0,0,0,0,E24H,E24H,0,0,0,0,0,0,0
1,4,21,747,YK00174,非电量1投退,E25H,E25H,0,0,0,0,0,E25H,E25H,0,0,0,0,0,0,0
1,4,21,748,YK00175,非电量2投退,E26H,E26H,0,0,0,0,0,E26H,E26H,0,0,0,0,0,0,0
1,4,21,749,YK00176,母充保护投退,E27H,E27H,0,0,0,0,0,E27H,E27H,0,0,0,0,0,0,0
1,4,21,750,YK00177,手动同期合闸投退,E28H,E28H,0,0,0,0,0,E28H,E28H,0,0,0,0,0,0,0
1,4,21,751,YK00178,遥控同期合闸投退,E29H,E29H,0,0,0,0,0,E29H,E29H,0,0,0,0,0,0,0
1,4,21,752,YK00179,逆功率投退,E2AH,E2AH,0,0,0,0,0,E2AH,E2AH,0,0,0,0,0,0,0
1,4,21,753,YK00180,控制回路断线投退,E2BH,E2BH,0,0,0,0,0,E2BH,E2BH,0,0,0,0,0,0,0
1,5,22,754,YK00181,出口1,230FF00H,230FF00H,0,0,0,0,0,230FF00H,230FF00H,0,0,0,0,0,0,0
1,5,22,755,YK00182,出口2,231FF00H,231FF00H,0,0,0,0,0,231FF00H,231FF00H,0,0,0,0,0,0,0
1,5,22,756,YK00183,出口3,232FF00H,232FF00H,0,0,0,0,0,232FF00H,232FF00H,0,0,0,0,0,0,0
1,5,22,757,YK00184,出口4,233FF00H,233FF00H,0,0,0,0,0,233FF00H,233FF00H,0,0,0,0,0,0,0
1,5,22,758,YK00185,出口5,234FF00H,234FF00H,0,0,0,0,0,234FF00H,234FF00H,0,0,0,0,0,0,0
1,5,22,759,YK00186,出口6,235FF00H,235FF00H,0,0,0,0,0,235FF00H,235FF00H,0,0,0,0,0,0,0
1,5,22,760,YK00187,出口7,236FF00H,236FF00H,0,0,0,0,0,236FF00H,236FF00H,0,0,0,0,0,0,0
1,5,22,761,YK00188,出口8,237FF00H,237FF00H,0,0,0,0,0,237FF00H,237FF00H,0,0,0,0,0,0,0
1,5,22,762,YK00189,手动增加无功电流,240FF00H,240FF00H,0,0,0,0,0,240FF00H,240FF00H,0,0,0,0,0,0,0
1,5,22,763,YK00190,手动减少无功电流,241FF00H,241FF00H,0,0,0,0,0,241FF00H,241FF00H,0,0,0,0,0,0,0
1,5,22,764,YK00191,手动使能输出,242FF00H,242FF00H,0,0,0,0,0,242FF00H,242FF00H,0,0,0,0,0,0,0
1,5,22,765,YK00192,手动停止,243FF00H,243FF00H,0,0,0,0,0,243FF00H,243FF00H,0,0,0,0,0,0,0
1,5,22,766,YK00193,并网接触器手动合闸,244FF00H,244FF00H,0,0,0,0,0,244FF00H,244FF00H,0,0,0,0,0,0,0
1,5,22,767,YK00194,并网接触器手动分闸,245FF00H,245FF00H,0,0,0,0,0,245FF00H,245FF00H,0,0,0,0,0,0,0
1,5,22,768,YK00195,旁路手动合闸,246FF00H,246FF00H,0,0,0,0,0,246FF00H,246FF00H,0,0,0,0,0,0,0
1,5,22,769,YK00196,旁路手动分闸,247FF00H,247FF00H,0,0,0,0,0,247FF00H,247FF00H,0,0,0,0,0,0,0
1,5,22,770,YK00197,风机接触器手动合闸,248FF00H,248FF00H,0,0,0,0,0,248FF00H,248FF00H,0,0,0,0,0,0,0
1,5,22,771,YK00198,风机接触器手动分闸,249FF00H,249FF00H,0,0,0,0,0,249FF00H,249FF00H,0,0,0,0,0,0,0
1,5,22,772,YK00199,自动运行,24AFF00H,24AFF00H,0,0,0,0,0,24AFF00H,24AFF00H,0,0,0,0,0,0,0
1,5,22,773,YK00200,清除故障,24BFF00H,24BFF00H,0,0,0,0,0,24BFF00H,24BFF00H,0,0,0,0,0,0,0
1,5,22,774,YK00201,运行,24CFF00H,24CFF00H,0,0,0,0,0,24CFF00H,24CFF00H,0,0,0,0,0,0,0
1,5,22,775,YK00202,装置退出,24DFF00H,24DFF00H,0,0,0,0,0,24DFF00H,24DFF00H,0,0,0,0,0,0,0
1,5,22,776,YK00203,设为主控默认定值,24EFF00H,24EFF00H,0,0,0,0,0,24EFF00H,24EFF00H,0,0,0,0,0,0,0
1,5,22,777,YK00204,加载主控默认定值,24FFF00H,24FFF00H,0,0,0,0,0,24FFF00H,24FFF00H,0,0,0,0,0,0,0
1,5,22,778,YK00205,刷新谐波数据,250FF00H,250FF00H,0,0,0,0,0,250FF00H,250FF00H,0,0,0,0,0,0,0
1,5,22,779,YK00206,停止,251FF00H,251FF00H,0,0,0,0,0,251FF00H,251FF00H,0,0,0,0,0,0,0
1,5,23,780,YK00207,出口1,230FF00H,230FF00H,0,0,0,0,0,230FF00H,230FF00H,0,0,0,0,0,0,0
1,5,23,781,YK00208,出口2,231FF00H,231FF00H,0,0,0,0,0,231FF00H,231FF00H,0,0,0,0,0,0,0
1,5,23,782,YK00209,出口3,232FF00H,232FF00H,0,0,0,0,0,232FF00H,232FF00H,0,0,0,0,0,0,0
1,5,23,783,YK00210,出口4,233FF00H,233FF00H,0,0,0,0,0,233FF00H,233FF00H,0,0,0,0,0,0,0
1,5,23,784,YK00211,出口5,234FF00H,234FF00H,0,0,0,0,0,234FF00H,234FF00H,0,0,0,0,0,0,0
1,5,23,785,YK00212,出口6,235FF00H,235FF00H,0,0,0,0,0,235FF00H,235FF00H,0,0,0,0,0,0,0
1,5,23,786,YK00213,出口7,236FF00H,236FF00H,0,0,0,0,0,236FF00H,236FF00H,0,0,0,0,0,0,0
1,5,23,787,YK00214,出口8,237FF00H,237FF00H,0,0,0,0,0,237FF00H,237FF00H,0,0,0,0,0,0,0
1,5,23,788,YK00215,手动增加无功电流,240FF00H,240FF00H,0,0,0,0,0,240FF00H,240FF00H,0,0,0,0,0,0,0
1,5,23,789,YK00216,手动减少无功电流,241FF00H,241FF00H,0,0,0,0,0,241FF00H,241FF00H,0,0,0,0,0,0,0
1,5,23,790,YK00217,手动使能输出,242FF00H,242FF00H,0,0,0,0,0,242FF00H,242FF00H,0,0,0,0,0,0,0
1,5,23,791,YK00218,手动停止,243FF00H,243FF00H,0,0,0,0,0,243FF00H,243FF00H,0,0,0,0,0,0,0
1,5,23,792,YK00219,并网接触器手动合闸,244FF00H,244FF00H,0,0,0,0,0,244FF00H,244FF00H,0,0,0,0,0,0,0
1,5,23,793,YK00220,并网接触器手动分闸,245FF00H,245FF00H,0,0,0,0,0,245FF00H,245FF00H,0,0,0,0,0,0,0
1,5,23,794,YK00221,旁路手动合闸,246FF00H,246FF00H,0,0,0,0,0,246FF00H,246FF00H,0,0,0,0,0,0,0
1,5,23,795,YK00222,旁路手动分闸,247FF00H,247FF00H,0,0,0,0,0,247FF00H,247FF00H,0,0,0,0,0,0,0
1,5,23,796,YK00223,风机接触器手动合闸,248FF00H,248FF00H,0,0,0,0,0,248FF00H,248FF00H,0,0,0,0,0,0,0
1,5,23,797,YK00224,风机接触器手动分闸,249FF00H,249FF00H,0,0,0,0,0,249FF00H,249FF00H,0,0,0,0,0,0,0
1,5,23,798,YK00225,自动运行,24AFF00H,24AFF00H,0,0,0,0,0,24AFF00H,24AFF00H,0,0,0,0,0,0,0
1,5,23,799,YK00226,清除故障,24BFF00H,24BFF00H,0,0,0,0,0,24BFF00H,24BFF00H,0,0,0,0,0,0,0
1,5,23,800,YK00227,运行,24CFF00H,24CFF00H,0,0,0,0,0,24CFF00H,24CFF00H,0,0,0,0,0,0,0
1,5,23,801,YK00228,装置退出,24DFF00H,24DFF00H,0,0,0,0,0,24DFF00H,24DFF00H,0,0,0,0,0,0,0
1,5,23,802,YK00229,设为主控默认定值,24EFF00H,24EFF00H,0,0,0,0,0,24EFF00H,24EFF00H,0,0,0,0,0,0,0
1,5,23,803,YK00230,加载主控默认定值,24FFF00H,24FFF00H,0,0,0,0,0,24FFF00H,24FFF00H,0,0,0,0,0,0,0
1,5,23,804,YK00231,刷新谐波数据,250FF00H,250FF00H,0,0,0,0,0,250FF00H,250FF00H,0,0,0,0,0,0,0
1,5,23,805,YK00232,停止,251FF00H,251FF00H,0,0,0,0,0,251FF00H,251FF00H,0,0,0,0,0,0,0
1,5,24,806,YK00233,出口1,230FF00H,230FF00H,0,0,0,0,0,230FF00H,230FF00H,0,0,0,0,0,0,0
1,5,24,807,YK00234,出口2,231FF00H,231FF00H,0,0,0,0,0,231FF00H,231FF00H,0,0,0,0,0,0,0
1,5,24,808,YK00235,出口3,232FF00H,232FF00H,0,0,0,0,0,232FF00H,232FF00H,0,0,0,0,0,0,0
1,5,24,809,YK00236,出口4,233FF00H,233FF00H,0,0,0,0,0,233FF00H,233FF00H,0,0,0,0,0,0,0
1,5,24,810,YK00237,出口5,234FF00H,234FF00H,0,0,0,0,0,234FF00H,234FF00H,0,0,0,0,0,0,0
1,5,24,811,YK00238,出口6,235FF00H,235FF00H,0,0,0,0,0,235FF00H,235FF00H,0,0,0,0,0,0,0
1,5,24,812,YK00239,出口7,236FF00H,236FF00H,0,0,0,0,0,236FF00H,236FF00H,0,0,0,0,0,0,0
1,5,24,813,YK00240,出口8,237FF00H,237FF00H,0,0,0,0,0,237FF00H,237FF00H,0,0,0,0,0,0,0
1,5,24,814,YK00241,手动增加无功电流,240FF00H,240FF00H,0,0,0,0,0,240FF00H,240FF00H,0,0,0,0,0,0,0
1,5,24,815,YK00242,手动减少无功电流,241FF00H,241FF00H,0,0,0,0,0,241FF00H,241FF00H,0,0,0,0,0,0,0
1,5,24,816,YK00243,手动使能输出,242FF00H,242FF00H,0,0,0,0,0,242FF00H,242FF00H,0,0,0,0,0,0,0
1,5,24,817,YK00244,手动停止,243FF00H,243FF00H,0,0,0,0,0,243FF00H,243FF00H,0,0,0,0,0,0,0
1,5,24,818,YK00245,并网接触器手动合闸,244FF00H,244FF00H,0,0,0,0,0,244FF00H,244FF00H,0,0,0,0,0,0,0
1,5,24,819,YK00246,并网接触器手动分闸,245FF00H,245FF00H,0,0,0,0,0,245FF00H,245FF00H,0,0,0,0,0,0,0
1,5,24,820,YK00247,旁路手动合闸,246FF00H,246FF00H,0,0,0,0,0,246FF00H,246FF00H,0,0,0,0,0,0,0
1,5,24,821,YK00248,旁路手动分闸,247FF00H,247FF00H,0,0,0,0,0,247FF00H,247FF00H,0,0,0,0,0,0,0
1,5,24,822,YK00249,风机接触器手动合闸,248FF00H,248FF00H,0,0,0,0,0,248FF00H,248FF00H,0,0,0,0,0,0,0
1,5,24,823,YK00250,风机接触器手动分闸,249FF00H,249FF00H,0,0,0,0,0,249FF00H,249FF00H,0,0,0,0,0,0,0
1,5,24,824,YK00251,自动运行,24AFF00H,24AFF00H,0,0,0,0,0,24AFF00H,24AFF00H,0,0,0,0,0,0,0
1,5,24,825,YK00252,清除故障,24BFF00H,24BFF00H,0,0,0,0,0,24BFF00H,24BFF00H,0,0,0,0,0,0,0
1,5,24,826,YK00253,运行,24CFF00H,24CFF00H,0,0,0,0,0,24CFF00H,24CFF00H,0,0,0,0,0,0,0
1,5,24,827,YK00254,装置退出,24DFF00H,24DFF00H,0,0,0,0,0,24DFF00H,24DFF00H,0,0,0,0,0,0,0
1,5,24,828,YK00255,设为主控默认定值,24EFF00H,24EFF00H,0,0,0,0,0,24EFF00H,24EFF00H,0,0,0,0,0,0,0
1,5,24,829,YK00256,加载主控默认定值,24FFF00H,24FFF00H,0,0,0,0,0,24FFF00H,24FFF00H,0,0,0,0,0,0,0
1,5,24,830,YK00257,刷新谐波数据,250FF00H,250FF00H,0,0,0,0,0,250FF00H,250FF00H,0,0,0,0,0,0,0
1,5,24,831,YK00258,停止,251FF00H,251FF00H,0,0,0,0,0,251FF00H,251FF00H,0,0,0,0,0,0,0
1,5,25,832,YK00259,出口1,230FF00H,230FF00H,0,0,0,0,0,230FF00H,230FF00H,0,0,0,0,0,0,0
1,5,25,833,YK00260,出口2,231FF00H,231FF00H,0,0,0,0,0,231FF00H,231FF00H,0,0,0,0,0,0,0
1,5,25,834,YK00261,出口3,232FF00H,232FF00H,0,0,0,0,0,232FF00H,232FF00H,0,0,0,0,0,0,0
1,5,25,835,YK00262,出口4,233FF00H,233FF00H,0,0,0,0,0,233FF00H,233FF00H,0,0,0,0,0,0,0
1,5,25,836,YK00263,出口5,234FF00H,234FF00H,0,0,0,0,0,234FF00H,234FF00H,0,0,0,0,0,0,0
1,5,25,837,YK00264,出口6,235FF00H,235FF00H,0,0,0,0,0,235FF00H,235FF00H,0,0,0,0,0,0,0
1,5,25,838,YK00265,出口7,236FF00H,236FF00H,0,0,0,0,0,236FF00H,236FF00H,0,0,0,0,0,0,0
1,5,25,839,YK00266,出口8,237FF00H,237FF00H,0,0,0,0,0,237FF00H,237FF00H,0,0,0,0,0,0,0
1,5,25,840,YK00267,手动增加无功电流,240FF00H,240FF00H,0,0,0,0,0,240FF00H,240FF00H,0,0,0,0,0,0,0
1,5,25,841,YK00268,手动减少无功电流,241FF00H,241FF00H,0,0,0,0,0,241FF00H,241FF00H,0,0,0,0,0,0,0
1,5,25,842,YK00269,手动使能输出,242FF00H,242FF00H,0,0,0,0,0,242FF00H,242FF00H,0,0,0,0,0,0,0
1,5,25,843,YK00270,手动停止,243FF00H,243FF00H,0,0,0,0,0,243FF00H,243FF00H,0,0,0,0,0,0,0
1,5,25,844,YK00271,并网接触器手动合闸,244FF00H,244FF00H,0,0,0,0,0,244FF00H,244FF00H,0,0,0,0,0,0,0
1,5,25,845,YK00272,并网接触器手动分闸,245FF00H,245FF00H,0,0,0,0,0,245FF00H,245FF00H,0,0,0,0,0,0,0
1,5,25,846,YK00273,旁路手动合闸,246FF00H,246FF00H,0,0,0,0,0,246FF00H,246FF00H,0,0,0,0,0,0,0
1,5,25,847,YK00274,旁路手动分闸,247FF00H,247FF00H,0,0,0,0,0,247FF00H,247FF00H,0,0,0,0,0,0,0
1,5,25,848,YK00275,风机接触器手动合闸,248FF00H,248FF00H,0,0,0,0,0,248FF00H,248FF00H,0,0,0,0,0,0,0
1,5,25,849,YK00276,风机接触器手动分闸,249FF00H,249FF00H,0,0,0,0,0,249FF00H,249FF00H,0,0,0,0,0,0,0
1,5,25,850,YK00277,自动运行,24AFF00H,24AFF00H,0,0,0,0,0,24AFF00H,24AFF00H,0,0,0,0,0,0,0
1,5,25,851,YK00278,清除故障,24BFF00H,24BFF00H,0,0,0,0,0,24BFF00H,24BFF00H,0,0,0,0,0,0,0
1,5,25,852,YK00279,运行,24CFF00H,24CFF00H,0,0,0,0,0,24CFF00H,24CFF00H,0,0,0,0,0,0,0
1,5,25,853,YK00280,装置退出,24DFF00H,24DFF00H,0,0,0,0,0,24DFF00H,24DFF00H,0,0,0,0,0,0,0
1,5,25,854,YK00281,设为主控默认定值,24EFF00H,24EFF00H,0,0,0,0,0,24EFF00H,24EFF00H,0,0,0,0,0,0,0
1,5,25,855,YK00282,加载主控默认定值,24FFF00H,24FFF00H,0,0,0,0,0,24FFF00H,24FFF00H,0,0,0,0,0,0,0
1,5,25,856,YK00283,刷新谐波数据,250FF00H,250FF00H,0,0,0,0,0,250FF00H,250FF00H,0,0,0,0,0,0,0
1,5,25,857,YK00284,停止,251FF00H,251FF00H,0,0,0,0,0,251FF00H,251FF00H,0,0,0,0,0,0,0
